Entity,Code,Year,"PM2.5 air pollution, population exposed to levels exceeding WHO guideline value (% of total)"
Afghanistan,AFG,1990,100
Afghanistan,AFG,1995,100
Afghanistan,AFG,2000,100
Afghanistan,AFG,2005,100
Afghanistan,AFG,2010,100
Afghanistan,AFG,2011,100
Afghanistan,AFG,2012,100
Afghanistan,AFG,2013,100
Afghanistan,AFG,2014,100
Afghanistan,AFG,2015,100
Afghanistan,AFG,2016,100
Afghanistan,AFG,2017,100
Africa Eastern and Southern,,1990,100
Africa Eastern and Southern,,1995,100
Africa Eastern and Southern,,2000,100
Africa Eastern and Southern,,2005,100
Africa Eastern and Southern,,2010,100
Africa Eastern and Southern,,2011,100
Africa Eastern and Southern,,2012,100
Africa Eastern and Southern,,2013,100
Africa Eastern and Southern,,2014,100
Africa Eastern and Southern,,2015,100
Africa Eastern and Southern,,2016,100
Africa Eastern and Southern,,2017,100
Africa Western and Central,,1990,100
Africa Western and Central,,1995,100
Africa Western and Central,,2000,100
Africa Western and Central,,2005,100
Africa Western and Central,,2010,100
Africa Western and Central,,2011,100
Africa Western and Central,,2012,100
Africa Western and Central,,2013,100
Africa Western and Central,,2014,100
Africa Western and Central,,2015,100
Africa Western and Central,,2016,100
Africa Western and Central,,2017,100
Albania,ALB,1990,99.9999999999686
Albania,ALB,1995,99.9999999999683
Albania,ALB,2000,100
Albania,ALB,2005,100
Albania,ALB,2010,100
Albania,ALB,2011,100
Albania,ALB,2012,100
Albania,ALB,2013,100
Albania,ALB,2014,100
Albania,ALB,2015,100
Albania,ALB,2016,99.9999999999642
Albania,ALB,2017,99.9999999999643
Algeria,DZA,1990,100
Algeria,DZA,1995,100
Algeria,DZA,2000,100
Algeria,DZA,2005,100
Algeria,DZA,2010,100
Algeria,DZA,2011,100
Algeria,DZA,2012,100
Algeria,DZA,2013,100
Algeria,DZA,2014,100
Algeria,DZA,2015,100
Algeria,DZA,2016,100
Algeria,DZA,2017,100
American Samoa,ASM,1990,100
American Samoa,ASM,1995,100
American Samoa,ASM,2000,100
American Samoa,ASM,2005,100
American Samoa,ASM,2010,100
American Samoa,ASM,2011,100
American Samoa,ASM,2012,100
American Samoa,ASM,2013,100
American Samoa,ASM,2014,100
American Samoa,ASM,2015,100
American Samoa,ASM,2016,100
American Samoa,ASM,2017,100
Andorra,AND,1990,100
Andorra,AND,1995,99.9842109816904
Andorra,AND,2000,99.957431968077
Andorra,AND,2005,100
Andorra,AND,2010,99.9566358235583
Andorra,AND,2011,100
Andorra,AND,2012,99.955997318409
Andorra,AND,2013,97.6859593235148
Andorra,AND,2014,16.5989802462163
Andorra,AND,2015,90.8480627384849
Andorra,AND,2016,17.4195577199093
Andorra,AND,2017,17.8244594869492
Angola,AGO,1990,100
Angola,AGO,1995,100
Angola,AGO,2000,100
Angola,AGO,2005,100
Angola,AGO,2010,100
Angola,AGO,2011,100
Angola,AGO,2012,100
Angola,AGO,2013,100
Angola,AGO,2014,100
Angola,AGO,2015,100
Angola,AGO,2016,100
Angola,AGO,2017,100
Antigua and Barbuda,ATG,1990,100
Antigua and Barbuda,ATG,1995,100
Antigua and Barbuda,ATG,2000,100
Antigua and Barbuda,ATG,2005,100
Antigua and Barbuda,ATG,2010,100
Antigua and Barbuda,ATG,2011,100
Antigua and Barbuda,ATG,2012,100
Antigua and Barbuda,ATG,2013,100
Antigua and Barbuda,ATG,2014,100
Antigua and Barbuda,ATG,2015,100
Antigua and Barbuda,ATG,2016,100
Antigua and Barbuda,ATG,2017,100
Arab World,,1990,100
Arab World,,1995,100
Arab World,,2000,100
Arab World,,2005,100
Arab World,,2010,100
Arab World,,2011,100
Arab World,,2012,100
Arab World,,2013,100
Arab World,,2014,100
Arab World,,2015,100
Arab World,,2016,100
Arab World,,2017,100
Argentina,ARG,1990,99.6066996888105
Argentina,ARG,1995,99.5809649285064
Argentina,ARG,2000,99.5499711446191
Argentina,ARG,2005,99.4115039164003
Argentina,ARG,2010,99.4476413232427
Argentina,ARG,2011,99.5304130879093
Argentina,ARG,2012,99.2176885641081
Argentina,ARG,2013,99.0264640003624
Argentina,ARG,2014,98.3140640099954
Argentina,ARG,2015,98.0219286945161
Argentina,ARG,2016,94.1394599235076
Argentina,ARG,2017,93.8528246666324
Armenia,ARM,1990,100
Armenia,ARM,1995,100
Armenia,ARM,2000,100
Armenia,ARM,2005,100
Armenia,ARM,2010,100
Armenia,ARM,2011,100
Armenia,ARM,2012,100
Armenia,ARM,2013,100
Armenia,ARM,2014,100
Armenia,ARM,2015,100
Armenia,ARM,2016,100
Armenia,ARM,2017,100
Australia,AUS,1990,31.8834042627782
Australia,AUS,1995,31.6101579909812
Australia,AUS,2000,33.8320687954829
Australia,AUS,2005,33.4924203994519
Australia,AUS,2010,32.9709729750069
Australia,AUS,2011,36.3234231456682
Australia,AUS,2012,30.6545427136297
Australia,AUS,2013,28.2740594586091
Australia,AUS,2014,27.1055138379226
Australia,AUS,2015,26.0466667521997
Australia,AUS,2016,24.9042085244703
Australia,AUS,2017,24.8935837696774
Austria,AUT,1990,99.65557001905
Austria,AUT,1995,99.2324566196394
Austria,AUT,2000,98.6784258759277
Austria,AUT,2005,99.1482984298898
Austria,AUT,2010,98.4515418523421
Austria,AUT,2011,99.2571707780935
Austria,AUT,2012,97.4101430930591
Austria,AUT,2013,95.7683551530782
Austria,AUT,2014,93.7856719726694
Austria,AUT,2015,91.4744653522326
Austria,AUT,2016,85.0159346896433
Austria,AUT,2017,85.0515376653505
Azerbaijan,AZE,1990,100
Azerbaijan,AZE,1995,100
Azerbaijan,AZE,2000,100
Azerbaijan,AZE,2005,100
Azerbaijan,AZE,2010,100
Azerbaijan,AZE,2011,100
Azerbaijan,AZE,2012,100
Azerbaijan,AZE,2013,100
Azerbaijan,AZE,2014,100
Azerbaijan,AZE,2015,100
Azerbaijan,AZE,2016,100
Azerbaijan,AZE,2017,100
Bahamas,BHS,1990,100
Bahamas,BHS,1995,100
Bahamas,BHS,2000,100
Bahamas,BHS,2005,100
Bahamas,BHS,2010,100
Bahamas,BHS,2011,100
Bahamas,BHS,2012,100
Bahamas,BHS,2013,99.999999999342
Bahamas,BHS,2014,99.9999999987
Bahamas,BHS,2015,99.9999999987145
Bahamas,BHS,2016,99.9999999917302
Bahamas,BHS,2017,99.9999999918088
Bahrain,BHR,1990,100
Bahrain,BHR,1995,100
Bahrain,BHR,2000,100
Bahrain,BHR,2005,100
Bahrain,BHR,2010,100
Bahrain,BHR,2011,100
Bahrain,BHR,2012,100
Bahrain,BHR,2013,100
Bahrain,BHR,2014,100
Bahrain,BHR,2015,100
Bahrain,BHR,2016,100
Bahrain,BHR,2017,100
Bangladesh,BGD,1990,100
Bangladesh,BGD,1995,100
Bangladesh,BGD,2000,100
Bangladesh,BGD,2005,100
Bangladesh,BGD,2010,100
Bangladesh,BGD,2011,100
Bangladesh,BGD,2012,100
Bangladesh,BGD,2013,100
Bangladesh,BGD,2014,100
Bangladesh,BGD,2015,100
Bangladesh,BGD,2016,100
Bangladesh,BGD,2017,100
Barbados,BRB,1990,100
Barbados,BRB,1995,100
Barbados,BRB,2000,100
Barbados,BRB,2005,100
Barbados,BRB,2010,100
Barbados,BRB,2011,100
Barbados,BRB,2012,100
Barbados,BRB,2013,100
Barbados,BRB,2014,100
Barbados,BRB,2015,100
Barbados,BRB,2016,100
Barbados,BRB,2017,100
Belarus,BLR,1990,100
Belarus,BLR,1995,100
Belarus,BLR,2000,100
Belarus,BLR,2005,100
Belarus,BLR,2010,100
Belarus,BLR,2011,100
Belarus,BLR,2012,100
Belarus,BLR,2013,100
Belarus,BLR,2014,100
Belarus,BLR,2015,100
Belarus,BLR,2016,100
Belarus,BLR,2017,99.9313519680704
Belgium,BEL,1990,99.8690949002724
Belgium,BEL,1995,99.6368919876792
Belgium,BEL,2000,99.2754155655164
Belgium,BEL,2005,98.9978822682005
Belgium,BEL,2010,99.4955888679424
Belgium,BEL,2011,99.3547420632009
Belgium,BEL,2012,98.42810981097
Belgium,BEL,2013,96.8022928575475
Belgium,BEL,2014,94.4891524267585
Belgium,BEL,2015,95.1043453766346
Belgium,BEL,2016,91.7891148256158
Belgium,BEL,2017,91.9485403518636
Belize,BLZ,1990,100
Belize,BLZ,1995,100
Belize,BLZ,2000,100
Belize,BLZ,2005,100
Belize,BLZ,2010,100
Belize,BLZ,2011,100
Belize,BLZ,2012,100
Belize,BLZ,2013,100
Belize,BLZ,2014,100
Belize,BLZ,2015,100
Belize,BLZ,2016,100
Belize,BLZ,2017,100
Benin,BEN,1990,100
Benin,BEN,1995,100
Benin,BEN,2000,100
Benin,BEN,2005,100
Benin,BEN,2010,100
Benin,BEN,2011,100
Benin,BEN,2012,100
Benin,BEN,2013,100
Benin,BEN,2014,100
Benin,BEN,2015,100
Benin,BEN,2016,100
Benin,BEN,2017,100
Bermuda,BMU,1990,100
Bermuda,BMU,1995,100
Bermuda,BMU,2000,100
Bermuda,BMU,2005,100
Bermuda,BMU,2010,100
Bermuda,BMU,2011,100
Bermuda,BMU,2012,100
Bermuda,BMU,2013,100
Bermuda,BMU,2014,100
Bermuda,BMU,2015,100
Bermuda,BMU,2016,100
Bermuda,BMU,2017,100
Bhutan,BTN,1990,100
Bhutan,BTN,1995,100
Bhutan,BTN,2000,100
Bhutan,BTN,2005,100
Bhutan,BTN,2010,100
Bhutan,BTN,2011,100
Bhutan,BTN,2012,100
Bhutan,BTN,2013,100
Bhutan,BTN,2014,100
Bhutan,BTN,2015,100
Bhutan,BTN,2016,100
Bhutan,BTN,2017,100
Bolivia,BOL,1990,100
Bolivia,BOL,1995,100
Bolivia,BOL,2000,100
Bolivia,BOL,2005,100
Bolivia,BOL,2010,100
Bolivia,BOL,2011,100
Bolivia,BOL,2012,100
Bolivia,BOL,2013,100
Bolivia,BOL,2014,100
Bolivia,BOL,2015,99.9997322955159
Bolivia,BOL,2016,99.9974859925192
Bolivia,BOL,2017,99.9991320215104
Bosnia and Herzegovina,BIH,1990,100
Bosnia and Herzegovina,BIH,1995,100
Bosnia and Herzegovina,BIH,2000,100
Bosnia and Herzegovina,BIH,2005,100
Bosnia and Herzegovina,BIH,2010,100
Bosnia and Herzegovina,BIH,2011,100
Bosnia and Herzegovina,BIH,2012,100
Bosnia and Herzegovina,BIH,2013,100
Bosnia and Herzegovina,BIH,2014,100
Bosnia and Herzegovina,BIH,2015,100
Bosnia and Herzegovina,BIH,2016,99.9554469178915
Bosnia and Herzegovina,BIH,2017,99.9552350286901
Botswana,BWA,1990,100
Botswana,BWA,1995,100
Botswana,BWA,2000,100
Botswana,BWA,2005,100
Botswana,BWA,2010,100
Botswana,BWA,2011,100
Botswana,BWA,2012,100
Botswana,BWA,2013,100
Botswana,BWA,2014,100
Botswana,BWA,2015,100
Botswana,BWA,2016,100
Botswana,BWA,2017,100
Brazil,BRA,1990,88.9953305952514
Brazil,BRA,1995,89.4913766815271
Brazil,BRA,2000,90.7914047732454
Brazil,BRA,2005,89.7840830783103
Brazil,BRA,2010,90.9381232942568
Brazil,BRA,2011,91.9283745885836
Brazil,BRA,2012,86.829230250407
Brazil,BRA,2013,85.3347137545434
Brazil,BRA,2014,77.1164730889402
Brazil,BRA,2015,74.9277515309761
Brazil,BRA,2016,67.9525591753989
Brazil,BRA,2017,68.1350300575805
Brunei,BRN,1990,0
Brunei,BRN,1995,0
Brunei,BRN,2000,0
Brunei,BRN,2005,1.76213857046846
Brunei,BRN,2010,1.76724442391376
Brunei,BRN,2011,1.76792014230185
Brunei,BRN,2012,1.76851769860472
Brunei,BRN,2013,0
Brunei,BRN,2014,0
Brunei,BRN,2015,0
Brunei,BRN,2016,0
Brunei,BRN,2017,0
Bulgaria,BGR,1990,99.954661962427
Bulgaria,BGR,1995,99.9538252143842
Bulgaria,BGR,2000,99.9619335362535
Bulgaria,BGR,2005,99.9631116184999
Bulgaria,BGR,2010,99.9643895445421
Bulgaria,BGR,2011,99.9646504112679
Bulgaria,BGR,2012,99.964937755683
Bulgaria,BGR,2013,99.9652794693565
Bulgaria,BGR,2014,99.9657025025398
Bulgaria,BGR,2015,99.9662317940315
Bulgaria,BGR,2016,99.8934934401901
Bulgaria,BGR,2017,99.8946743201431
Burkina Faso,BFA,1990,100
Burkina Faso,BFA,1995,100
Burkina Faso,BFA,2000,100
Burkina Faso,BFA,2005,100
Burkina Faso,BFA,2010,100
Burkina Faso,BFA,2011,100
Burkina Faso,BFA,2012,100
Burkina Faso,BFA,2013,100
Burkina Faso,BFA,2014,100
Burkina Faso,BFA,2015,100
Burkina Faso,BFA,2016,100
Burkina Faso,BFA,2017,100
Burundi,BDI,1990,100
Burundi,BDI,1995,100
Burundi,BDI,2000,100
Burundi,BDI,2005,100
Burundi,BDI,2010,100
Burundi,BDI,2011,100
Burundi,BDI,2012,100
Burundi,BDI,2013,100
Burundi,BDI,2014,100
Burundi,BDI,2015,100
Burundi,BDI,2016,100
Burundi,BDI,2017,100
Cambodia,KHM,1990,100
Cambodia,KHM,1995,100
Cambodia,KHM,2000,100
Cambodia,KHM,2005,100
Cambodia,KHM,2010,100
Cambodia,KHM,2011,100
Cambodia,KHM,2012,100
Cambodia,KHM,2013,100
Cambodia,KHM,2014,100
Cambodia,KHM,2015,100
Cambodia,KHM,2016,100
Cambodia,KHM,2017,100
Cameroon,CMR,1990,100
Cameroon,CMR,1995,100
Cameroon,CMR,2000,100
Cameroon,CMR,2005,100
Cameroon,CMR,2010,100
Cameroon,CMR,2011,100
Cameroon,CMR,2012,100
Cameroon,CMR,2013,100
Cameroon,CMR,2014,100
Cameroon,CMR,2015,100
Cameroon,CMR,2016,100
Cameroon,CMR,2017,100
Canada,CAN,1990,16.2129160758206
Canada,CAN,1995,12.9122313537955
Canada,CAN,2000,11.021317490341
Canada,CAN,2005,19.6026822515034
Canada,CAN,2010,13.6672176250704
Canada,CAN,2011,18.7208185459221
Canada,CAN,2012,8.33818394514693
Canada,CAN,2013,6.63032676828626
Canada,CAN,2014,2.02339152072758
Canada,CAN,2015,0.725554041704435
Canada,CAN,2016,0
Canada,CAN,2017,0
Cape Verde,CPV,1990,100
Cape Verde,CPV,1995,100
Cape Verde,CPV,2000,100
Cape Verde,CPV,2005,100
Cape Verde,CPV,2010,100
Cape Verde,CPV,2011,100
Cape Verde,CPV,2012,100
Cape Verde,CPV,2013,100
Cape Verde,CPV,2014,100
Cape Verde,CPV,2015,100
Cape Verde,CPV,2016,100
Cape Verde,CPV,2017,100
Caribbean Small States,,1990,99.9999999996798
Caribbean Small States,,1995,99.9999999996928
Caribbean Small States,,2000,100
Caribbean Small States,,2005,100
Caribbean Small States,,2010,100
Caribbean Small States,,2011,100
Caribbean Small States,,2012,100
Caribbean Small States,,2013,99.9999999999658
Caribbean Small States,,2014,99.9999999999324
Caribbean Small States,,2015,99.9999795193924
Caribbean Small States,,2016,99.9988815715949
Caribbean Small States,,2017,99.9987380891479
Central African Republic,CAF,1990,100
Central African Republic,CAF,1995,100
Central African Republic,CAF,2000,100
Central African Republic,CAF,2005,100
Central African Republic,CAF,2010,100
Central African Republic,CAF,2011,100
Central African Republic,CAF,2012,100
Central African Republic,CAF,2013,100
Central African Republic,CAF,2014,100
Central African Republic,CAF,2015,100
Central African Republic,CAF,2016,100
Central African Republic,CAF,2017,100
Central Europe and the Baltics,,1990,98.945832647885
Central Europe and the Baltics,,1995,98.7661832593261
Central Europe and the Baltics,,2000,98.7547788957345
Central Europe and the Baltics,,2005,98.7789256307059
Central Europe and the Baltics,,2010,98.7908811585309
Central Europe and the Baltics,,2011,98.7822242520859
Central Europe and the Baltics,,2012,98.6085358281538
Central Europe and the Baltics,,2013,98.5358267459044
Central Europe and the Baltics,,2014,98.3608018285833
Central Europe and the Baltics,,2015,98.420371987198
Central Europe and the Baltics,,2016,97.9665239799864
Central Europe and the Baltics,,2017,97.949799926464
Chad,TCD,1990,100
Chad,TCD,1995,100
Chad,TCD,2000,100
Chad,TCD,2005,100
Chad,TCD,2010,100
Chad,TCD,2011,100
Chad,TCD,2012,100
Chad,TCD,2013,100
Chad,TCD,2014,100
Chad,TCD,2015,100
Chad,TCD,2016,100
Chad,TCD,2017,100
Chile,CHL,1990,99.3502024069026
Chile,CHL,1995,99.3737590980865
Chile,CHL,2000,99.2449699760891
Chile,CHL,2005,99.272596170052
Chile,CHL,2010,99.2864982318215
Chile,CHL,2011,99.3197611890526
Chile,CHL,2012,99.2994810676024
Chile,CHL,2013,99.301999621247
Chile,CHL,2014,99.1504517547802
Chile,CHL,2015,98.5762989258251
Chile,CHL,2016,97.594418737426
Chile,CHL,2017,97.6630177077565
China,CHN,1990,100
China,CHN,1995,100
China,CHN,2000,99.999996120588
China,CHN,2005,99.999996861798
China,CHN,2010,99.9999974253327
China,CHN,2011,99.9999975448802
China,CHN,2012,99.999992994816
China,CHN,2013,99.9999905399797
China,CHN,2014,99.9999584481301
China,CHN,2015,99.9999551645374
China,CHN,2016,99.9982986494764
China,CHN,2017,99.9982944622564
Colombia,COL,1990,99.6968906582897
Colombia,COL,1995,99.7564116385534
Colombia,COL,2000,99.7168335535248
Colombia,COL,2005,99.8770854967477
Colombia,COL,2010,99.8760372413248
Colombia,COL,2011,99.8381953006909
Colombia,COL,2012,99.8561801263407
Colombia,COL,2013,99.3528605884275
Colombia,COL,2014,97.4810442275854
Colombia,COL,2015,96.3381509958462
Colombia,COL,2016,92.7433952370884
Colombia,COL,2017,92.1046289822956
Comoros,COM,1990,100
Comoros,COM,1995,100
Comoros,COM,2000,100
Comoros,COM,2005,100
Comoros,COM,2010,100
Comoros,COM,2011,100
Comoros,COM,2012,100
Comoros,COM,2013,100
Comoros,COM,2014,100
Comoros,COM,2015,100
Comoros,COM,2016,100
Comoros,COM,2017,100
Congo,COG,1990,100
Congo,COG,1995,100
Congo,COG,2000,100
Congo,COG,2005,100
Congo,COG,2010,100
Congo,COG,2011,100
Congo,COG,2012,100
Congo,COG,2013,100
Congo,COG,2014,100
Congo,COG,2015,100
Congo,COG,2016,100
Congo,COG,2017,100
Costa Rica,CRI,1990,99.9999999981167
Costa Rica,CRI,1995,99.9999999983783
Costa Rica,CRI,2000,99.999999999712
Costa Rica,CRI,2005,99.999999999758
Costa Rica,CRI,2010,99.9999999997965
Costa Rica,CRI,2011,99.9999999998436
Costa Rica,CRI,2012,99.9999999997792
Costa Rica,CRI,2013,99.9999999997354
Costa Rica,CRI,2014,99.9999999996518
Costa Rica,CRI,2015,99.9799860248742
Costa Rica,CRI,2016,99.7170666602465
Costa Rica,CRI,2017,99.6887933668832
Cote d'Ivoire,CIV,1990,100
Cote d'Ivoire,CIV,1995,100
Cote d'Ivoire,CIV,2000,100
Cote d'Ivoire,CIV,2005,100
Cote d'Ivoire,CIV,2010,100
Cote d'Ivoire,CIV,2011,100
Cote d'Ivoire,CIV,2012,100
Cote d'Ivoire,CIV,2013,100
Cote d'Ivoire,CIV,2014,100
Cote d'Ivoire,CIV,2015,100
Cote d'Ivoire,CIV,2016,100
Cote d'Ivoire,CIV,2017,100
Croatia,HRV,1990,99.9999999996368
Croatia,HRV,1995,99.9999999993598
Croatia,HRV,2000,100
Croatia,HRV,2005,100
Croatia,HRV,2010,100
Croatia,HRV,2011,100
Croatia,HRV,2012,100
Croatia,HRV,2013,100
Croatia,HRV,2014,100
Croatia,HRV,2015,100
Croatia,HRV,2016,99.7806991341871
Croatia,HRV,2017,99.7796052732656
Cuba,CUB,1990,99.9999999999186
Cuba,CUB,1995,99.9999999999208
Cuba,CUB,2000,99.9999999999807
Cuba,CUB,2005,99.999999999981
Cuba,CUB,2010,99.999999999981
Cuba,CUB,2011,99.999999999981
Cuba,CUB,2012,99.9999999999811
Cuba,CUB,2013,99.9999999999811
Cuba,CUB,2014,99.9999999999811
Cuba,CUB,2015,99.9999999999811
Cuba,CUB,2016,99.9999999999812
Cuba,CUB,2017,99.9999999999811
Cyprus,CYP,1990,100
Cyprus,CYP,1995,100
Cyprus,CYP,2000,100
Cyprus,CYP,2005,100
Cyprus,CYP,2010,100
Cyprus,CYP,2011,100
Cyprus,CYP,2012,100
Cyprus,CYP,2013,100
Cyprus,CYP,2014,100
Cyprus,CYP,2015,100
Cyprus,CYP,2016,100
Cyprus,CYP,2017,100
Czechia,CZE,1990,99.9816845986973
Czechia,CZE,1995,99.9815721201174
Czechia,CZE,2000,99.9673515864133
Czechia,CZE,2005,99.9677573474524
Czechia,CZE,2010,99.9684096538509
Czechia,CZE,2011,99.9685195195117
Czechia,CZE,2012,99.9434717498816
Czechia,CZE,2013,99.9272010224121
Czechia,CZE,2014,99.9178608517105
Czechia,CZE,2015,99.8282838822608
Czechia,CZE,2016,99.674855479732
Czechia,CZE,2017,99.6772126159304
Democratic Republic of Congo,COD,1990,100
Democratic Republic of Congo,COD,1995,100
Democratic Republic of Congo,COD,2000,100
Democratic Republic of Congo,COD,2005,100
Democratic Republic of Congo,COD,2010,100
Democratic Republic of Congo,COD,2011,100
Democratic Republic of Congo,COD,2012,100
Democratic Republic of Congo,COD,2013,100
Democratic Republic of Congo,COD,2014,100
Democratic Republic of Congo,COD,2015,100
Democratic Republic of Congo,COD,2016,100
Democratic Republic of Congo,COD,2017,100
Denmark,DNK,1990,99.9617372631112
Denmark,DNK,1995,99.5492792428496
Denmark,DNK,2000,97.9660948944068
Denmark,DNK,2005,97.1396754720324
Denmark,DNK,2010,96.0990141660438
Denmark,DNK,2011,98.9586816259961
Denmark,DNK,2012,85.4742336319957
Denmark,DNK,2013,78.750293564805
Denmark,DNK,2014,82.8343073187766
Denmark,DNK,2015,75.1874411831808
Denmark,DNK,2016,57.0917623810824
Denmark,DNK,2017,56.9144561104444
Djibouti,DJI,1990,100
Djibouti,DJI,1995,100
Djibouti,DJI,2000,100
Djibouti,DJI,2005,100
Djibouti,DJI,2010,100
Djibouti,DJI,2011,100
Djibouti,DJI,2012,100
Djibouti,DJI,2013,100
Djibouti,DJI,2014,100
Djibouti,DJI,2015,100
Djibouti,DJI,2016,100
Djibouti,DJI,2017,100
Dominica,DMA,1990,100
Dominica,DMA,1995,100
Dominica,DMA,2000,100
Dominica,DMA,2005,100
Dominica,DMA,2010,100
Dominica,DMA,2011,100
Dominica,DMA,2012,100
Dominica,DMA,2013,100
Dominica,DMA,2014,100
Dominica,DMA,2015,100
Dominica,DMA,2016,100
Dominica,DMA,2017,100
Dominican Republic,DOM,1990,99.9999999993361
Dominican Republic,DOM,1995,99.9999999993935
Dominican Republic,DOM,2000,100
Dominican Republic,DOM,2005,100
Dominican Republic,DOM,2010,100
Dominican Republic,DOM,2011,100
Dominican Republic,DOM,2012,100
Dominican Republic,DOM,2013,99.999999999966
Dominican Republic,DOM,2014,99.9785717266658
Dominican Republic,DOM,2015,99.9785982241453
Dominican Republic,DOM,2016,99.9138839065148
Dominican Republic,DOM,2017,99.9134426224712
Early-demographic dividend,,1990,99.7782323819142
Early-demographic dividend,,1995,99.7826832259262
Early-demographic dividend,,2000,99.7399009064127
Early-demographic dividend,,2005,99.9010800166594
Early-demographic dividend,,2010,99.687391221963
Early-demographic dividend,,2011,99.8267930660434
Early-demographic dividend,,2012,99.9416406291333
Early-demographic dividend,,2013,99.4853922808023
Early-demographic dividend,,2014,99.4512363378219
Early-demographic dividend,,2015,99.5893489541879
Early-demographic dividend,,2016,99.3842596851596
Early-demographic dividend,,2017,99.3530888182689
East Asia & Pacific,,1990,98.3819920437009
East Asia & Pacific,,1995,98.3935154753668
East Asia & Pacific,,2000,98.3259835981636
East Asia & Pacific,,2005,98.5588082522339
East Asia & Pacific,,2010,98.2666498201828
East Asia & Pacific,,2011,98.4822208502227
East Asia & Pacific,,2012,98.3829298694433
East Asia & Pacific,,2013,97.722415611258
East Asia & Pacific,,2014,97.5617186718857
East Asia & Pacific,,2015,97.817529052769
East Asia & Pacific,,2016,96.8438967475285
East Asia & Pacific,,2017,96.8766985636732
East Asia & Pacific (IDA & IBRD),,1990,99.6696905188112
East Asia & Pacific (IDA & IBRD),,1995,99.6650538571546
East Asia & Pacific (IDA & IBRD),,2000,99.5966649145589
East Asia & Pacific (IDA & IBRD),,2005,99.8470164532613
East Asia & Pacific (IDA & IBRD),,2010,99.5081774383268
East Asia & Pacific (IDA & IBRD),,2011,99.7177804246114
East Asia & Pacific (IDA & IBRD),,2012,99.9087001701594
East Asia & Pacific (IDA & IBRD),,2013,99.158933470662
East Asia & Pacific (IDA & IBRD),,2014,99.1240497494534
East Asia & Pacific (IDA & IBRD),,2015,99.3753561028329
East Asia & Pacific (IDA & IBRD),,2016,99.1280890688577
East Asia & Pacific (IDA & IBRD),,2017,99.0815556515471
East Asia & Pacific (excluding high income),,1990,99.673876114723
East Asia & Pacific (excluding high income),,1995,99.6693268245857
East Asia & Pacific (excluding high income),,2000,99.6017690678192
East Asia & Pacific (excluding high income),,2005,99.8489507762008
East Asia & Pacific (excluding high income),,2010,99.5143328822009
East Asia & Pacific (excluding high income),,2011,99.7213051532656
East Asia & Pacific (excluding high income),,2012,99.9098380563923
East Asia & Pacific (excluding high income),,2013,99.1693939919208
East Asia & Pacific (excluding high income),,2014,99.1349206794684
East Asia & Pacific (excluding high income),,2015,99.3830913343428
East Asia & Pacific (excluding high income),,2016,99.1388604251036
East Asia & Pacific (excluding high income),,2017,99.0928735301767
Ecuador,ECU,1990,99.9810706530859
Ecuador,ECU,1995,99.9892858536742
Ecuador,ECU,2000,99.9858101216086
Ecuador,ECU,2005,99.9990192438351
Ecuador,ECU,2010,99.9997174919515
Ecuador,ECU,2011,99.9970926667125
Ecuador,ECU,2012,99.9987848993188
Ecuador,ECU,2013,99.9745398507742
Ecuador,ECU,2014,99.6352008949127
Ecuador,ECU,2015,99.3891695178291
Ecuador,ECU,2016,98.6523483664329
Ecuador,ECU,2017,98.3156239365569
Egypt,EGY,1990,100
Egypt,EGY,1995,100
Egypt,EGY,2000,100
Egypt,EGY,2005,100
Egypt,EGY,2010,100
Egypt,EGY,2011,100
Egypt,EGY,2012,100
Egypt,EGY,2013,100
Egypt,EGY,2014,100
Egypt,EGY,2015,100
Egypt,EGY,2016,100
Egypt,EGY,2017,100
El Salvador,SLV,1990,99.9999999998864
El Salvador,SLV,1995,99.9999999998983
El Salvador,SLV,2000,100
El Salvador,SLV,2005,100
El Salvador,SLV,2010,100
El Salvador,SLV,2011,100
El Salvador,SLV,2012,100
El Salvador,SLV,2013,100
El Salvador,SLV,2014,100
El Salvador,SLV,2015,100
El Salvador,SLV,2016,100
El Salvador,SLV,2017,100
Equatorial Guinea,GNQ,1990,100
Equatorial Guinea,GNQ,1995,100
Equatorial Guinea,GNQ,2000,100
Equatorial Guinea,GNQ,2005,100
Equatorial Guinea,GNQ,2010,100
Equatorial Guinea,GNQ,2011,100
Equatorial Guinea,GNQ,2012,100
Equatorial Guinea,GNQ,2013,100
Equatorial Guinea,GNQ,2014,100
Equatorial Guinea,GNQ,2015,100
Equatorial Guinea,GNQ,2016,100
Equatorial Guinea,GNQ,2017,100
Eritrea,ERI,1990,100
Eritrea,ERI,1995,100
Eritrea,ERI,2000,100
Eritrea,ERI,2005,100
Eritrea,ERI,2010,100
Eritrea,ERI,2011,100
Eritrea,ERI,2012,100
Eritrea,ERI,2013,100
Eritrea,ERI,2014,100
Eritrea,ERI,2015,100
Eritrea,ERI,2016,100
Eritrea,ERI,2017,100
Estonia,EST,1990,26.1562110470774
Estonia,EST,1995,6.88729939449764
Estonia,EST,2000,5.02580753807447
Estonia,EST,2005,5.82142832079895
Estonia,EST,2010,6.47601161388065
Estonia,EST,2011,6.16984936199787
Estonia,EST,2012,1.17870826630763
Estonia,EST,2013,0.263896000442954
Estonia,EST,2014,0.258944001487604
Estonia,EST,2015,0
Estonia,EST,2016,0
Estonia,EST,2017,0
Eswatini,SWZ,1990,100
Eswatini,SWZ,1995,100
Eswatini,SWZ,2000,100
Eswatini,SWZ,2005,100
Eswatini,SWZ,2010,100
Eswatini,SWZ,2011,100
Eswatini,SWZ,2012,100
Eswatini,SWZ,2013,100
Eswatini,SWZ,2014,100
Eswatini,SWZ,2015,100
Eswatini,SWZ,2016,100
Eswatini,SWZ,2017,100
Ethiopia,ETH,1990,100
Ethiopia,ETH,1995,100
Ethiopia,ETH,2000,100
Ethiopia,ETH,2005,100
Ethiopia,ETH,2010,100
Ethiopia,ETH,2011,100
Ethiopia,ETH,2012,100
Ethiopia,ETH,2013,100
Ethiopia,ETH,2014,100
Ethiopia,ETH,2015,100
Ethiopia,ETH,2016,100
Ethiopia,ETH,2017,100
Euro area,,1990,93.0091796008181
Euro area,,1995,92.4722246221779
Euro area,,2000,92.0367234796861
Euro area,,2005,91.9850936599599
Euro area,,2010,91.4322080278832
Euro area,,2011,92.653763757867
Euro area,,2012,89.291212311537
Euro area,,2013,87.6573948007193
Euro area,,2014,82.7703397089804
Euro area,,2015,84.3955326872399
Euro area,,2016,77.2570315903642
Euro area,,2017,77.3694545428201
Europe & Central Asia,,1990,94.8118567596568
Europe & Central Asia,,1995,94.2217578480418
Europe & Central Asia,,2000,93.9763311618563
Europe & Central Asia,,2005,93.8501971572582
Europe & Central Asia,,2010,93.5967550340294
Europe & Central Asia,,2011,94.3534599970093
Europe & Central Asia,,2012,92.2699138816942
Europe & Central Asia,,2013,91.0742381217745
Europe & Central Asia,,2014,88.3032786936334
Europe & Central Asia,,2015,88.6084887258899
Europe & Central Asia,,2016,85.0687331654909
Europe & Central Asia,,2017,85.0558690340319
Europe & Central Asia (IDA & IBRD),,1990,98.7065152633205
Europe & Central Asia (IDA & IBRD),,1995,98.293235220819
Europe & Central Asia (IDA & IBRD),,2000,98.4836034435704
Europe & Central Asia (IDA & IBRD),,2005,98.4980659088614
Europe & Central Asia (IDA & IBRD),,2010,98.6874281915701
Europe & Central Asia (IDA & IBRD),,2011,98.5519854756765
Europe & Central Asia (IDA & IBRD),,2012,98.3237877440119
Europe & Central Asia (IDA & IBRD),,2013,97.6942860132774
Europe & Central Asia (IDA & IBRD),,2014,97.4390571023473
Europe & Central Asia (IDA & IBRD),,2015,97.0595055432016
Europe & Central Asia (IDA & IBRD),,2016,96.7201055676924
Europe & Central Asia (IDA & IBRD),,2017,96.7092893310085
Europe & Central Asia (excluding high income),,1990,98.5614880201856
Europe & Central Asia (excluding high income),,1995,98.1034033396358
Europe & Central Asia (excluding high income),,2000,98.3174244433557
Europe & Central Asia (excluding high income),,2005,98.3345909083233
Europe & Central Asia (excluding high income),,2010,98.5472036670671
Europe & Central Asia (excluding high income),,2011,98.3981302170384
Europe & Central Asia (excluding high income),,2012,98.1467353990851
Europe & Central Asia (excluding high income),,2013,97.4528031028316
Europe & Central Asia (excluding high income),,2014,97.1741198145608
Europe & Central Asia (excluding high income),,2015,96.7560308459997
Europe & Central Asia (excluding high income),,2016,96.3889811619549
Europe & Central Asia (excluding high income),,2017,96.3792472584896
European Union,,1990,92.9349007927704
European Union,,1995,92.4310849805302
European Union,,2000,92.0499886680916
European Union,,2005,91.9121004833534
European Union,,2010,91.3946232921057
European Union,,2011,92.3770779475339
European Union,,2012,89.5602887234864
European Union,,2013,88.1976469451327
European Union,,2014,84.4590044049978
European Union,,2015,85.6074036932407
European Union,,2016,79.8117765633241
European Union,,2017,79.8633217360038
Fiji,FJI,1990,99.9999999956397
Fiji,FJI,1995,99.9999999959046
Fiji,FJI,2000,100
Fiji,FJI,2005,100
Fiji,FJI,2010,100
Fiji,FJI,2011,100
Fiji,FJI,2012,100
Fiji,FJI,2013,99.9999999992591
Fiji,FJI,2014,99.9942643385562
Fiji,FJI,2015,99.978648421315
Fiji,FJI,2016,93.6940546750848
Fiji,FJI,2017,82.8031823467088
Finland,FIN,1990,1.62737385915356
Finland,FIN,1995,0.673758399155855
Finland,FIN,2000,0
Finland,FIN,2005,0.724678785882815
Finland,FIN,2010,0.735149620011244
Finland,FIN,2011,0.737042448155822
Finland,FIN,2012,0
Finland,FIN,2013,0
Finland,FIN,2014,0
Finland,FIN,2015,0
Finland,FIN,2016,0
Finland,FIN,2017,0
Fragile and conflict affected situations,,1990,99.9999999999659
Fragile and conflict affected situations,,1995,99.99999999997
Fragile and conflict affected situations,,2000,99.999999999999
Fragile and conflict affected situations,,2005,99.9999999999991
Fragile and conflict affected situations,,2010,99.9999999999992
Fragile and conflict affected situations,,2011,99.9999999999992
Fragile and conflict affected situations,,2012,99.9999999999991
Fragile and conflict affected situations,,2013,99.999996737813
Fragile and conflict affected situations,,2014,99.999916481346
Fragile and conflict affected situations,,2015,99.9998215264286
Fragile and conflict affected situations,,2016,99.9976000982407
Fragile and conflict affected situations,,2017,99.9976431888899
France,FRA,1990,99.7744510977107
France,FRA,1995,99.6253538132954
France,FRA,2000,99.3734142385658
France,FRA,2005,99.60444501196
France,FRA,2010,99.4790077683923
France,FRA,2011,99.6981801376818
France,FRA,2012,98.6115277752574
France,FRA,2013,97.4091022972142
France,FRA,2014,87.8452497212201
France,FRA,2015,90.4121184733779
France,FRA,2016,78.2774978742629
France,FRA,2017,78.2135639205549
Gabon,GAB,1990,100
Gabon,GAB,1995,100
Gabon,GAB,2000,100
Gabon,GAB,2005,100
Gabon,GAB,2010,100
Gabon,GAB,2011,100
Gabon,GAB,2012,100
Gabon,GAB,2013,100
Gabon,GAB,2014,100
Gabon,GAB,2015,100
Gabon,GAB,2016,100
Gabon,GAB,2017,100
Gambia,GMB,1990,100
Gambia,GMB,1995,100
Gambia,GMB,2000,100
Gambia,GMB,2005,100
Gambia,GMB,2010,100
Gambia,GMB,2011,100
Gambia,GMB,2012,100
Gambia,GMB,2013,100
Gambia,GMB,2014,100
Gambia,GMB,2015,100
Gambia,GMB,2016,100
Gambia,GMB,2017,100
Georgia,GEO,1990,100
Georgia,GEO,1995,100
Georgia,GEO,2000,100
Georgia,GEO,2005,100
Georgia,GEO,2010,100
Georgia,GEO,2011,100
Georgia,GEO,2012,100
Georgia,GEO,2013,100
Georgia,GEO,2014,100
Georgia,GEO,2015,100
Georgia,GEO,2016,100
Georgia,GEO,2017,100
Germany,DEU,1990,99.7557906789743
Germany,DEU,1995,99.6466063589806
Germany,DEU,2000,99.4071861879019
Germany,DEU,2005,99.1848609756882
Germany,DEU,2010,99.599440069301
Germany,DEU,2011,99.4480294451265
Germany,DEU,2012,98.2950679634862
Germany,DEU,2013,97.8463215365016
Germany,DEU,2014,95.7252958815951
Germany,DEU,2015,95.9525959398708
Germany,DEU,2016,89.1546627249363
Germany,DEU,2017,89.1743564300489
Ghana,GHA,1990,100
Ghana,GHA,1995,100
Ghana,GHA,2000,100
Ghana,GHA,2005,100
Ghana,GHA,2010,100
Ghana,GHA,2011,100
Ghana,GHA,2012,100
Ghana,GHA,2013,100
Ghana,GHA,2014,100
Ghana,GHA,2015,100
Ghana,GHA,2016,100
Ghana,GHA,2017,100
Greece,GRC,1990,100
Greece,GRC,1995,100
Greece,GRC,2000,100
Greece,GRC,2005,100
Greece,GRC,2010,100
Greece,GRC,2011,100
Greece,GRC,2012,100
Greece,GRC,2013,99.9999999999893
Greece,GRC,2014,99.9999999999893
Greece,GRC,2015,99.9999999999784
Greece,GRC,2016,99.9999999998159
Greece,GRC,2017,99.9999999998588
Greenland,GRL,1990,100
Greenland,GRL,1995,100
Greenland,GRL,2000,100
Greenland,GRL,2005,100
Greenland,GRL,2010,100
Greenland,GRL,2011,100
Greenland,GRL,2012,100
Greenland,GRL,2013,100
Greenland,GRL,2014,98.7604562858388
Greenland,GRL,2015,98.7535456326015
Greenland,GRL,2016,80.1009037113012
Greenland,GRL,2017,80.0160106688235
Grenada,GRD,1990,100
Grenada,GRD,1995,100
Grenada,GRD,2000,100
Grenada,GRD,2005,100
Grenada,GRD,2010,100
Grenada,GRD,2011,100
Grenada,GRD,2012,100
Grenada,GRD,2013,100
Grenada,GRD,2014,100
Grenada,GRD,2015,100
Grenada,GRD,2016,100
Grenada,GRD,2017,100
Guam,GUM,1990,100
Guam,GUM,1995,100
Guam,GUM,2000,100
Guam,GUM,2005,100
Guam,GUM,2010,100
Guam,GUM,2011,100
Guam,GUM,2012,100
Guam,GUM,2013,100
Guam,GUM,2014,91.6666666666667
Guam,GUM,2015,100
Guam,GUM,2016,83.3333333333333
Guam,GUM,2017,83.3333333333333
Guatemala,GTM,1990,100
Guatemala,GTM,1995,100
Guatemala,GTM,2000,100
Guatemala,GTM,2005,100
Guatemala,GTM,2010,100
Guatemala,GTM,2011,100
Guatemala,GTM,2012,100
Guatemala,GTM,2013,100
Guatemala,GTM,2014,100
Guatemala,GTM,2015,100
Guatemala,GTM,2016,100
Guatemala,GTM,2017,100
Guinea,GIN,1990,100
Guinea,GIN,1995,100
Guinea,GIN,2000,100
Guinea,GIN,2005,100
Guinea,GIN,2010,100
Guinea,GIN,2011,100
Guinea,GIN,2012,100
Guinea,GIN,2013,100
Guinea,GIN,2014,100
Guinea,GIN,2015,100
Guinea,GIN,2016,100
Guinea,GIN,2017,100
Guinea-Bissau,GNB,1990,100
Guinea-Bissau,GNB,1995,100
Guinea-Bissau,GNB,2000,100
Guinea-Bissau,GNB,2005,100
Guinea-Bissau,GNB,2010,100
Guinea-Bissau,GNB,2011,100
Guinea-Bissau,GNB,2012,100
Guinea-Bissau,GNB,2013,100
Guinea-Bissau,GNB,2014,100
Guinea-Bissau,GNB,2015,100
Guinea-Bissau,GNB,2016,100
Guinea-Bissau,GNB,2017,100
Guyana,GUY,1990,100
Guyana,GUY,1995,100
Guyana,GUY,2000,100
Guyana,GUY,2005,100
Guyana,GUY,2010,100
Guyana,GUY,2011,100
Guyana,GUY,2012,100
Guyana,GUY,2013,100
Guyana,GUY,2014,100
Guyana,GUY,2015,99.9998086271857
Guyana,GUY,2016,99.9895347066402
Guyana,GUY,2017,99.9881773200384
Haiti,HTI,1990,99.9999999999993
Haiti,HTI,1995,99.9999999999993
Haiti,HTI,2000,100
Haiti,HTI,2005,100
Haiti,HTI,2010,100
Haiti,HTI,2011,100
Haiti,HTI,2012,100
Haiti,HTI,2013,100
Haiti,HTI,2014,100
Haiti,HTI,2015,100
Haiti,HTI,2016,100
Haiti,HTI,2017,100
Heavily indebted poor countries (HIPC),,1990,99.9999669925654
Heavily indebted poor countries (HIPC),,1995,99.9999666225852
Heavily indebted poor countries (HIPC),,2000,99.9992904237395
Heavily indebted poor countries (HIPC),,2005,99.9993606693834
Heavily indebted poor countries (HIPC),,2010,99.9994224681965
Heavily indebted poor countries (HIPC),,2011,99.9994347485603
Heavily indebted poor countries (HIPC),,2012,99.9994470075944
Heavily indebted poor countries (HIPC),,2013,99.9994592327932
Heavily indebted poor countries (HIPC),,2014,99.9993762189361
Heavily indebted poor countries (HIPC),,2015,99.9993706981073
Heavily indebted poor countries (HIPC),,2016,99.9989002728203
Heavily indebted poor countries (HIPC),,2017,99.9989520165131
High income,,1990,77.9465771508792
High income,,1995,76.3414055838154
High income,,2000,75.4443437769636
High income,,2005,75.7182437108768
High income,,2010,73.6272460864972
High income,,2011,76.7719020892562
High income,,2012,69.3329816013004
High income,,2013,66.4009951778497
High income,,2014,61.337967273699
High income,,2015,60.805981244573
High income,,2016,55.2388564455115
High income,,2017,55.3371266348636
Honduras,HND,1990,99.9999999993039
Honduras,HND,1995,99.9999999994002
Honduras,HND,2000,100
Honduras,HND,2005,100
Honduras,HND,2010,100
Honduras,HND,2011,100
Honduras,HND,2012,100
Honduras,HND,2013,100
Honduras,HND,2014,99.9999999999872
Honduras,HND,2015,99.9988766711252
Honduras,HND,2016,99.9820753131253
Honduras,HND,2017,99.9835217097179
Hungary,HUN,1990,100
Hungary,HUN,1995,100
Hungary,HUN,2000,100
Hungary,HUN,2005,100
Hungary,HUN,2010,100
Hungary,HUN,2011,100
Hungary,HUN,2012,100
Hungary,HUN,2013,100
Hungary,HUN,2014,100
Hungary,HUN,2015,100
Hungary,HUN,2016,100
Hungary,HUN,2017,100
IBRD only,,1990,99.1912300004879
IBRD only,,1995,99.1704310385824
IBRD only,,2000,99.228571571727
IBRD only,,2005,99.2949996060962
IBRD only,,2010,99.2287386188122
IBRD only,,2011,99.3598371189451
IBRD only,,2012,99.1690884880125
IBRD only,,2013,98.7033112199559
IBRD only,,2014,98.2526838299198
IBRD only,,2015,98.2069591119163
IBRD only,,2016,97.5282279060112
IBRD only,,2017,97.402984905822
IDA & IBRD total,,1990,99.3474666589587
IDA & IBRD total,,1995,99.3382944788392
IDA & IBRD total,,2000,99.3923655250888
IDA & IBRD total,,2005,99.4525134749776
IDA & IBRD total,,2010,99.4102933621998
IDA & IBRD total,,2011,99.5120197604734
IDA & IBRD total,,2012,99.3683730517643
IDA & IBRD total,,2013,99.0173149430128
IDA & IBRD total,,2014,98.6711633181061
IDA & IBRD total,,2015,98.6416468857712
IDA & IBRD total,,2016,98.1337828650253
IDA & IBRD total,,2017,98.0445129309444
IDA blend,,1990,99.9999999999886
IDA blend,,1995,99.99999999999
IDA blend,,2000,100
IDA blend,,2005,100
IDA blend,,2010,100
IDA blend,,2011,100
IDA blend,,2012,100
IDA blend,,2013,99.9999999999987
IDA blend,,2014,99.999990083439
IDA blend,,2015,99.9999638380041
IDA blend,,2016,99.9894460499216
IDA blend,,2017,99.9718176533603
IDA only,,1990,99.9999788668565
IDA only,,1995,99.9987248266972
IDA only,,2000,99.9985654751181
IDA only,,2005,99.9986789556549
IDA only,,2010,99.9996027517877
IDA only,,2011,99.9996089181049
IDA only,,2012,99.9986745143244
IDA only,,2013,99.9983320514393
IDA only,,2014,99.9442829250666
IDA only,,2015,99.9493864961264
IDA only,,2016,99.9380623868246
IDA only,,2017,99.9372655155568
IDA total,,1990,99.9999859450943
IDA total,,1995,99.9991510762813
IDA total,,2000,99.9990454538304
IDA total,,2005,99.9991195186259
IDA total,,2010,99.9997356134322
IDA total,,2011,99.9997399076928
IDA total,,2012,99.9991189324654
IDA total,,2013,99.9988918804268
IDA total,,2014,99.9629985061057
IDA total,,2015,99.9663916322774
IDA total,,2016,99.9553477578804
IDA total,,2017,99.9488922195259
Iceland,ISL,1990,22.8226544450419
Iceland,ISL,1995,21.2125989658776
Iceland,ISL,2000,18.1597623720065
Iceland,ISL,2005,14.7166741579816
Iceland,ISL,2010,16.8128143430919
Iceland,ISL,2011,16.9676385234132
Iceland,ISL,2012,13.1936256527249
Iceland,ISL,2013,12.8440382289438
Iceland,ISL,2014,12.1246395987961
Iceland,ISL,2015,11.9849547773209
Iceland,ISL,2016,11.100461777686
Iceland,ISL,2017,10.2852157949761
India,IND,1990,99.9999999999999
India,IND,1995,99.9999999999999
India,IND,2000,100
India,IND,2005,100
India,IND,2010,100
India,IND,2011,100
India,IND,2012,100
India,IND,2013,100
India,IND,2014,100
India,IND,2015,100
India,IND,2016,100
India,IND,2017,100
Indonesia,IDN,1990,97.6569578665325
Indonesia,IDN,1995,97.6600941703286
Indonesia,IDN,2000,97.1084722940437
Indonesia,IDN,2005,99.0002113108669
Indonesia,IDN,2010,96.4230587767447
Indonesia,IDN,2011,98.06412739208
Indonesia,IDN,2012,99.5136026710893
Indonesia,IDN,2013,94.2109778573132
Indonesia,IDN,2014,94.4972203192688
Indonesia,IDN,2015,96.142372495414
Indonesia,IDN,2016,95.6935297519892
Indonesia,IDN,2017,95.5671472610627
Iran,IRN,1990,100
Iran,IRN,1995,100
Iran,IRN,2000,100
Iran,IRN,2005,100
Iran,IRN,2010,100
Iran,IRN,2011,100
Iran,IRN,2012,100
Iran,IRN,2013,100
Iran,IRN,2014,100
Iran,IRN,2015,100
Iran,IRN,2016,100
Iran,IRN,2017,100
Iraq,IRQ,1990,100
Iraq,IRQ,1995,100
Iraq,IRQ,2000,100
Iraq,IRQ,2005,100
Iraq,IRQ,2010,100
Iraq,IRQ,2011,100
Iraq,IRQ,2012,100
Iraq,IRQ,2013,100
Iraq,IRQ,2014,100
Iraq,IRQ,2015,100
Iraq,IRQ,2016,100
Iraq,IRQ,2017,100
Ireland,IRL,1990,60.3008592017369
Ireland,IRL,1995,54.9616802345637
Ireland,IRL,2000,50.3380997913696
Ireland,IRL,2005,46.539838105595
Ireland,IRL,2010,49.3392349914634
Ireland,IRL,2011,56.8793697261824
Ireland,IRL,2012,29.9647701171137
Ireland,IRL,2013,27.3613140648962
Ireland,IRL,2014,3.61199326171543
Ireland,IRL,2015,2.71819083411953
Ireland,IRL,2016,0.273735769435679
Ireland,IRL,2017,0.274091678859734
Israel,ISR,1990,100
Israel,ISR,1995,100
Israel,ISR,2000,100
Israel,ISR,2005,100
Israel,ISR,2010,100
Israel,ISR,2011,100
Israel,ISR,2012,100
Israel,ISR,2013,100
Israel,ISR,2014,100
Israel,ISR,2015,100
Israel,ISR,2016,100
Israel,ISR,2017,100
Italy,ITA,1990,98.8103869010938
Italy,ITA,1995,98.7706835386595
Italy,ITA,2000,98.5314339931347
Italy,ITA,2005,98.4156007629672
Italy,ITA,2010,98.1121664773954
Italy,ITA,2011,98.5776220506368
Italy,ITA,2012,97.8486487255829
Italy,ITA,2013,97.2633861745502
Italy,ITA,2014,96.583070041503
Italy,ITA,2015,96.7545739375126
Italy,ITA,2016,94.5484844180311
Italy,ITA,2017,94.7772139982593
Jamaica,JAM,1990,99.9999999992101
Jamaica,JAM,1995,99.9999999992435
Jamaica,JAM,2000,100
Jamaica,JAM,2005,100
Jamaica,JAM,2010,100
Jamaica,JAM,2011,100
Jamaica,JAM,2012,100
Jamaica,JAM,2013,100
Jamaica,JAM,2014,100
Jamaica,JAM,2015,100
Jamaica,JAM,2016,99.9999999999572
Jamaica,JAM,2017,99.9999999999574
Japan,JPN,1990,92.5287490730728
Japan,JPN,1995,92.506270996378
Japan,JPN,2000,91.74729437866
Japan,JPN,2005,92.0900833394338
Japan,JPN,2010,92.5888312183221
Japan,JPN,2011,92.5604874682311
Japan,JPN,2012,89.1315240076031
Japan,JPN,2013,89.8021320331261
Japan,JPN,2014,87.8196294240481
Japan,JPN,2015,88.6686504162249
Japan,JPN,2016,75.41211147449
Japan,JPN,2017,76.7615082281987
Jordan,JOR,1990,100
Jordan,JOR,1995,100
Jordan,JOR,2000,100
Jordan,JOR,2005,100
Jordan,JOR,2010,100
Jordan,JOR,2011,100
Jordan,JOR,2012,100
Jordan,JOR,2013,100
Jordan,JOR,2014,100
Jordan,JOR,2015,100
Jordan,JOR,2016,100
Jordan,JOR,2017,100
Kazakhstan,KAZ,1990,97.9748102691165
Kazakhstan,KAZ,1995,97.4735678148001
Kazakhstan,KAZ,2000,96.8219649112227
Kazakhstan,KAZ,2005,96.8026178867578
Kazakhstan,KAZ,2010,97.2109484001743
Kazakhstan,KAZ,2011,97.5320983193958
Kazakhstan,KAZ,2012,96.2218713740623
Kazakhstan,KAZ,2013,95.6570214678422
Kazakhstan,KAZ,2014,91.6069987770402
Kazakhstan,KAZ,2015,92.6415526035327
Kazakhstan,KAZ,2016,87.1523808834092
Kazakhstan,KAZ,2017,87.4142305282549
Kenya,KEN,1990,100
Kenya,KEN,1995,100
Kenya,KEN,2000,100
Kenya,KEN,2005,100
Kenya,KEN,2010,100
Kenya,KEN,2011,100
Kenya,KEN,2012,100
Kenya,KEN,2013,100
Kenya,KEN,2014,100
Kenya,KEN,2015,100
Kenya,KEN,2016,100
Kenya,KEN,2017,100
Kiribati,KIR,1990,100
Kiribati,KIR,1995,100
Kiribati,KIR,2000,100
Kiribati,KIR,2005,100
Kiribati,KIR,2010,100
Kiribati,KIR,2011,100
Kiribati,KIR,2012,100
Kiribati,KIR,2013,99.9999999156688
Kiribati,KIR,2014,99.9999995756699
Kiribati,KIR,2015,99.9999995726362
Kiribati,KIR,2016,99.9999995047202
Kiribati,KIR,2017,99.9999995006364
Kuwait,KWT,1990,100
Kuwait,KWT,1995,100
Kuwait,KWT,2000,100
Kuwait,KWT,2005,100
Kuwait,KWT,2010,100
Kuwait,KWT,2011,100
Kuwait,KWT,2012,100
Kuwait,KWT,2013,100
Kuwait,KWT,2014,100
Kuwait,KWT,2015,100
Kuwait,KWT,2016,100
Kuwait,KWT,2017,100
Kyrgyzstan,KGZ,1990,100
Kyrgyzstan,KGZ,1995,99.8261324824363
Kyrgyzstan,KGZ,2000,99.8585586532682
Kyrgyzstan,KGZ,2005,99.8603927328863
Kyrgyzstan,KGZ,2010,100
Kyrgyzstan,KGZ,2011,100
Kyrgyzstan,KGZ,2012,99.8409389397507
Kyrgyzstan,KGZ,2013,99.7815727447258
Kyrgyzstan,KGZ,2014,98.0718774537363
Kyrgyzstan,KGZ,2015,99.1089483849592
Kyrgyzstan,KGZ,2016,97.4066532146519
Kyrgyzstan,KGZ,2017,97.4325569187238
Laos,LAO,1990,100
Laos,LAO,1995,100
Laos,LAO,2000,100
Laos,LAO,2005,100
Laos,LAO,2010,100
Laos,LAO,2011,100
Laos,LAO,2012,100
Laos,LAO,2013,100
Laos,LAO,2014,100
Laos,LAO,2015,100
Laos,LAO,2016,100
Laos,LAO,2017,100
Late-demographic dividend,,1990,98.3703554307662
Late-demographic dividend,,1995,98.2971557840021
Late-demographic dividend,,2000,98.5558649896035
Late-demographic dividend,,2005,98.4582043639952
Late-demographic dividend,,2010,98.5934725905419
Late-demographic dividend,,2011,98.7030819533591
Late-demographic dividend,,2012,98.051541312694
Late-demographic dividend,,2013,97.6850725196146
Late-demographic dividend,,2014,96.6987222120823
Late-demographic dividend,,2015,96.4032516602906
Late-demographic dividend,,2016,95.2429997702305
Late-demographic dividend,,2017,95.0151672866888
Latin America & Caribbean,,1990,95.2721603645559
Latin America & Caribbean,,1995,95.5031306156015
Latin America & Caribbean,,2000,96.4701379131256
Latin America & Caribbean,,2005,96.0851915625588
Latin America & Caribbean,,2010,96.5659873883321
Latin America & Caribbean,,2011,97.0187862826731
Latin America & Caribbean,,2012,94.9761481715753
Latin America & Caribbean,,2013,94.3149105180733
Latin America & Caribbean,,2014,91.1233236031614
Latin America & Caribbean,,2015,90.2523534036866
Latin America & Caribbean,,2016,87.1864823468257
Latin America & Caribbean,,2017,87.1984958970959
Latin America & Caribbean (IDA & IBRD),,1990,95.9345075150776
Latin America & Caribbean (IDA & IBRD),,1995,96.1430335775551
Latin America & Caribbean (IDA & IBRD),,2000,96.6379393548076
Latin America & Caribbean (IDA & IBRD),,2005,96.2368121316457
Latin America & Caribbean (IDA & IBRD),,2010,96.7160431892042
Latin America & Caribbean (IDA & IBRD),,2011,97.118583155613
Latin America & Caribbean (IDA & IBRD),,2012,95.1773930431403
Latin America & Caribbean (IDA & IBRD),,2013,94.5761690601302
Latin America & Caribbean (IDA & IBRD),,2014,91.398758060158
Latin America & Caribbean (IDA & IBRD),,2015,90.4997897472104
Latin America & Caribbean (IDA & IBRD),,2016,87.408276935393
Latin America & Caribbean (IDA & IBRD),,2017,87.4072084824931
Latin America & Caribbean (excluding high income),,1990,95.8136797737511
Latin America & Caribbean (excluding high income),,1995,96.0143176983054
Latin America & Caribbean (excluding high income),,2000,96.4984788636293
Latin America & Caribbean (excluding high income),,2005,96.1394078022421
Latin America & Caribbean (excluding high income),,2010,96.5903235967622
Latin America & Caribbean (excluding high income),,2011,96.9707949550695
Latin America & Caribbean (excluding high income),,2012,95.0881027874409
Latin America & Caribbean (excluding high income),,2013,94.4704982962563
Latin America & Caribbean (excluding high income),,2014,91.2229761456779
Latin America & Caribbean (excluding high income),,2015,90.2898667044961
Latin America & Caribbean (excluding high income),,2016,87.0359211347367
Latin America & Caribbean (excluding high income),,2017,87.0431441310007
Latvia,LVA,1990,99.9794952292974
Latvia,LVA,1995,99.6080811192517
Latvia,LVA,2000,99.3565090671867
Latvia,LVA,2005,99.5149947949509
Latvia,LVA,2010,99.5500346799215
Latvia,LVA,2011,99.2602528939341
Latvia,LVA,2012,97.9709600275977
Latvia,LVA,2013,96.5867702247195
Latvia,LVA,2014,96.6290782272796
Latvia,LVA,2015,92.2730865530648
Latvia,LVA,2016,89.4114981713697
Latvia,LVA,2017,89.0140461977576
Least developed countries: UN classification,,1990,100
Least developed countries: UN classification,,1995,100
Least developed countries: UN classification,,2000,100
Least developed countries: UN classification,,2005,100
Least developed countries: UN classification,,2010,100
Least developed countries: UN classification,,2011,100
Least developed countries: UN classification,,2012,100
Least developed countries: UN classification,,2013,99.9999999999897
Least developed countries: UN classification,,2014,99.9999999999485
Least developed countries: UN classification,,2015,99.9999999999492
Least developed countries: UN classification,,2016,99.9999999999363
Least developed countries: UN classification,,2017,99.9999468433473
Lebanon,LBN,1990,100
Lebanon,LBN,1995,100
Lebanon,LBN,2000,100
Lebanon,LBN,2005,100
Lebanon,LBN,2010,100
Lebanon,LBN,2011,100
Lebanon,LBN,2012,100
Lebanon,LBN,2013,100
Lebanon,LBN,2014,100
Lebanon,LBN,2015,100
Lebanon,LBN,2016,100
Lebanon,LBN,2017,100
Lesotho,LSO,1990,100
Lesotho,LSO,1995,100
Lesotho,LSO,2000,100
Lesotho,LSO,2005,100
Lesotho,LSO,2010,100
Lesotho,LSO,2011,100
Lesotho,LSO,2012,100
Lesotho,LSO,2013,100
Lesotho,LSO,2014,100
Lesotho,LSO,2015,100
Lesotho,LSO,2016,100
Lesotho,LSO,2017,100
Liberia,LBR,1990,100
Liberia,LBR,1995,100
Liberia,LBR,2000,100
Liberia,LBR,2005,100
Liberia,LBR,2010,100
Liberia,LBR,2011,100
Liberia,LBR,2012,100
Liberia,LBR,2013,100
Liberia,LBR,2014,100
Liberia,LBR,2015,100
Liberia,LBR,2016,100
Liberia,LBR,2017,100
Libya,LBY,1990,100
Libya,LBY,1995,100
Libya,LBY,2000,100
Libya,LBY,2005,100
Libya,LBY,2010,100
Libya,LBY,2011,100
Libya,LBY,2012,100
Libya,LBY,2013,100
Libya,LBY,2014,100
Libya,LBY,2015,100
Libya,LBY,2016,100
Libya,LBY,2017,100
Lithuania,LTU,1990,99.9380991377785
Lithuania,LTU,1995,99.9363268645168
Lithuania,LTU,2000,99.9443700971652
Lithuania,LTU,2005,99.9408004364417
Lithuania,LTU,2010,99.9370387677268
Lithuania,LTU,2011,99.9362739963048
Lithuania,LTU,2012,99.9355017137252
Lithuania,LTU,2013,99.9347175838211
Lithuania,LTU,2014,99.9339198801701
Lithuania,LTU,2015,99.5312152983186
Lithuania,LTU,2016,97.0749574788319
Lithuania,LTU,2017,95.9998593070447
Low & middle income,,1990,99.3543579435555
Low & middle income,,1995,99.3441275880728
Low & middle income,,2000,99.3953625023882
Low & middle income,,2005,99.4633959182553
Low & middle income,,2010,99.415472700911
Low & middle income,,2011,99.5134506235386
Low & middle income,,2012,99.3873238374927
Low & middle income,,2013,99.0358112077591
Low & middle income,,2014,98.7019295816232
Low & middle income,,2015,98.6748152464748
Low & middle income,,2016,98.1680992052083
Low & middle income,,2017,98.077808138005
Low income,,1990,100
Low income,,1995,100
Low income,,2000,100
Low income,,2005,100
Low income,,2010,100
Low income,,2011,100
Low income,,2012,100
Low income,,2013,100
Low income,,2014,100
Low income,,2015,100
Low income,,2016,100
Low income,,2017,100
Lower middle income,,1990,99.7850808872503
Lower middle income,,1995,99.7892000429034
Lower middle income,,2000,99.7468365444877
Lower middle income,,2005,99.9124377806138
Lower middle income,,2010,99.6976418667282
Lower middle income,,2011,99.8358624503137
Lower middle income,,2012,99.9569304093395
Lower middle income,,2013,99.5041376850767
Lower middle income,,2014,99.5018599340229
Lower middle income,,2015,99.6563517391626
Lower middle income,,2016,99.3208363333944
Lower middle income,,2017,99.1395156600184
Luxembourg,LUX,1990,100
Luxembourg,LUX,1995,100
Luxembourg,LUX,2000,99.6642305128336
Luxembourg,LUX,2005,96.4405441675651
Luxembourg,LUX,2010,99.8742679546595
Luxembourg,LUX,2011,99.8765567314271
Luxembourg,LUX,2012,90.9053329015067
Luxembourg,LUX,2013,89.4314757463876
Luxembourg,LUX,2014,78.0165963495529
Luxembourg,LUX,2015,79.9792668255678
Luxembourg,LUX,2016,68.7327300286361
Luxembourg,LUX,2017,68.7756227449078
Madagascar,MDG,1990,100
Madagascar,MDG,1995,100
Madagascar,MDG,2000,100
Madagascar,MDG,2005,100
Madagascar,MDG,2010,100
Madagascar,MDG,2011,100
Madagascar,MDG,2012,100
Madagascar,MDG,2013,100
Madagascar,MDG,2014,100
Madagascar,MDG,2015,100
Madagascar,MDG,2016,100
Madagascar,MDG,2017,100
Malawi,MWI,1990,100
Malawi,MWI,1995,100
Malawi,MWI,2000,100
Malawi,MWI,2005,100
Malawi,MWI,2010,100
Malawi,MWI,2011,100
Malawi,MWI,2012,100
Malawi,MWI,2013,100
Malawi,MWI,2014,100
Malawi,MWI,2015,100
Malawi,MWI,2016,100
Malawi,MWI,2017,100
Malaysia,MYS,1990,94.9569304676805
Malaysia,MYS,1995,95.1730368096553
Malaysia,MYS,2000,95.456690230932
Malaysia,MYS,2005,97.879940719733
Malaysia,MYS,2010,96.9973111624753
Malaysia,MYS,2011,97.4765309879375
Malaysia,MYS,2012,98.1690101298309
Malaysia,MYS,2013,94.0245854882111
Malaysia,MYS,2014,92.0061005865964
Malaysia,MYS,2015,93.5081780350891
Malaysia,MYS,2016,90.4198926637437
Malaysia,MYS,2017,90.537343806725
Maldives,MDV,1990,99.9999983850932
Maldives,MDV,1995,99.999998630137
Maldives,MDV,2000,99.9999978404767
Maldives,MDV,2005,99.9999981366462
Maldives,MDV,2010,99.9999984616526
Maldives,MDV,2011,99.9999985140948
Maldives,MDV,2012,99.9999985418643
Maldives,MDV,2013,99.9999984847123
Maldives,MDV,2014,8.39573182458263e-8
Maldives,MDV,2015,6.87120465177289e-8
Maldives,MDV,2016,0
Maldives,MDV,2017,0
Mali,MLI,1990,100
Mali,MLI,1995,100
Mali,MLI,2000,100
Mali,MLI,2005,100
Mali,MLI,2010,100
Mali,MLI,2011,100
Mali,MLI,2012,100
Mali,MLI,2013,100
Mali,MLI,2014,100
Mali,MLI,2015,100
Mali,MLI,2016,100
Mali,MLI,2017,100
Malta,MLT,1990,99.9999999996867
Malta,MLT,1995,99.9999999996989
Malta,MLT,2000,100
Malta,MLT,2005,100
Malta,MLT,2010,100
Malta,MLT,2011,100
Malta,MLT,2012,100
Malta,MLT,2013,100
Malta,MLT,2014,100
Malta,MLT,2015,100
Malta,MLT,2016,100
Malta,MLT,2017,100
Marshall Islands,MHL,1990,100
Marshall Islands,MHL,1995,100
Marshall Islands,MHL,2000,100
Marshall Islands,MHL,2005,100
Marshall Islands,MHL,2010,100
Marshall Islands,MHL,2011,100
Marshall Islands,MHL,2012,100
Marshall Islands,MHL,2013,99.9999988528897
Marshall Islands,MHL,2014,99.9999988289819
Marshall Islands,MHL,2015,99.9999988042643
Marshall Islands,MHL,2016,99.9999963358383
Marshall Islands,MHL,2017,99.9999962558097
Mauritania,MRT,1990,100
Mauritania,MRT,1995,100
Mauritania,MRT,2000,100
Mauritania,MRT,2005,100
Mauritania,MRT,2010,100
Mauritania,MRT,2011,100
Mauritania,MRT,2012,100
Mauritania,MRT,2013,100
Mauritania,MRT,2014,100
Mauritania,MRT,2015,100
Mauritania,MRT,2016,100
Mauritania,MRT,2017,100
Mauritius,MUS,1990,100
Mauritius,MUS,1995,100
Mauritius,MUS,2000,100
Mauritius,MUS,2005,100
Mauritius,MUS,2010,100
Mauritius,MUS,2011,100
Mauritius,MUS,2012,100
Mauritius,MUS,2013,100
Mauritius,MUS,2014,100
Mauritius,MUS,2015,100
Mauritius,MUS,2016,100
Mauritius,MUS,2017,100
Mexico,MEX,1990,99.9614978578775
Mexico,MEX,1995,99.9596606716234
Mexico,MEX,2000,99.9395276304749
Mexico,MEX,2005,99.9401651559611
Mexico,MEX,2010,99.9356518506868
Mexico,MEX,2011,99.946543925136
Mexico,MEX,2012,99.9334865198363
Mexico,MEX,2013,99.9148656569667
Mexico,MEX,2014,99.7621770966074
Mexico,MEX,2015,99.7152655416406
Mexico,MEX,2016,99.6566439991376
Mexico,MEX,2017,99.6561265475774
Micronesia (country),FSM,1990,100
Micronesia (country),FSM,1995,100
Micronesia (country),FSM,2000,100
Micronesia (country),FSM,2005,100
Micronesia (country),FSM,2010,100
Micronesia (country),FSM,2011,100
Micronesia (country),FSM,2012,100
Micronesia (country),FSM,2013,100
Micronesia (country),FSM,2014,99.9999999976209
Micronesia (country),FSM,2015,99.9999999976395
Micronesia (country),FSM,2016,99.9999999836124
Micronesia (country),FSM,2017,99.9999999837514
Middle East & North Africa,,1990,99.9999999999995
Middle East & North Africa,,1995,99.9999999999996
Middle East & North Africa,,2000,100
Middle East & North Africa,,2005,100
Middle East & North Africa,,2010,100
Middle East & North Africa,,2011,100
Middle East & North Africa,,2012,100
Middle East & North Africa,,2013,100
Middle East & North Africa,,2014,100
Middle East & North Africa,,2015,100
Middle East & North Africa,,2016,100
Middle East & North Africa,,2017,100
Middle East & North Africa (IDA & IBRD),,1990,100
Middle East & North Africa (IDA & IBRD),,1995,100
Middle East & North Africa (IDA & IBRD),,2000,100
Middle East & North Africa (IDA & IBRD),,2005,100
Middle East & North Africa (IDA & IBRD),,2010,100
Middle East & North Africa (IDA & IBRD),,2011,100
Middle East & North Africa (IDA & IBRD),,2012,100
Middle East & North Africa (IDA & IBRD),,2013,100
Middle East & North Africa (IDA & IBRD),,2014,100
Middle East & North Africa (IDA & IBRD),,2015,100
Middle East & North Africa (IDA & IBRD),,2016,100
Middle East & North Africa (IDA & IBRD),,2017,100
Middle East & North Africa (excluding high income),,1990,100
Middle East & North Africa (excluding high income),,1995,100
Middle East & North Africa (excluding high income),,2000,100
Middle East & North Africa (excluding high income),,2005,100
Middle East & North Africa (excluding high income),,2010,100
Middle East & North Africa (excluding high income),,2011,100
Middle East & North Africa (excluding high income),,2012,100
Middle East & North Africa (excluding high income),,2013,100
Middle East & North Africa (excluding high income),,2014,100
Middle East & North Africa (excluding high income),,2015,100
Middle East & North Africa (excluding high income),,2016,100
Middle East & North Africa (excluding high income),,2017,100
Middle income,,1990,99.3069711939586
Middle income,,1995,99.292742431601
Middle income,,2000,99.3447741956803
Middle income,,2005,99.4147309566616
Middle income,,2010,99.35798051667
Middle income,,2011,99.4648915252069
Middle income,,2012,99.3253100845702
Middle income,,2013,98.9368690042265
Middle income,,2014,98.5668796462336
Middle income,,2015,98.5349941923988
Middle income,,2016,97.9720339712679
Middle income,,2017,97.8690693202244
Moldova,MDA,1990,100
Moldova,MDA,1995,100
Moldova,MDA,2000,100
Moldova,MDA,2005,100
Moldova,MDA,2010,100
Moldova,MDA,2011,100
Moldova,MDA,2012,100
Moldova,MDA,2013,100
Moldova,MDA,2014,100
Moldova,MDA,2015,100
Moldova,MDA,2016,100
Moldova,MDA,2017,100
Mongolia,MNG,1990,96.5651273487321
Mongolia,MNG,1995,96.3619081353888
Mongolia,MNG,2000,97.4815210427198
Mongolia,MNG,2005,97.7964903488339
Mongolia,MNG,2010,98.1381408576542
Mongolia,MNG,2011,98.3571053128066
Mongolia,MNG,2012,98.0742270029423
Mongolia,MNG,2013,97.7080159705244
Mongolia,MNG,2014,96.8341705588606
Mongolia,MNG,2015,97.9517847849117
Mongolia,MNG,2016,96.8317523332843
Mongolia,MNG,2017,97.0139805896742
Montenegro,MNE,1990,100
Montenegro,MNE,1995,100
Montenegro,MNE,2000,100
Montenegro,MNE,2005,100
Montenegro,MNE,2010,100
Montenegro,MNE,2011,100
Montenegro,MNE,2012,100
Montenegro,MNE,2013,100
Montenegro,MNE,2014,100
Montenegro,MNE,2015,100
Montenegro,MNE,2016,100
Montenegro,MNE,2017,100
Morocco,MAR,1990,99.9999999999999
Morocco,MAR,1995,99.9999999999999
Morocco,MAR,2000,100
Morocco,MAR,2005,100
Morocco,MAR,2010,100
Morocco,MAR,2011,100
Morocco,MAR,2012,100
Morocco,MAR,2013,100
Morocco,MAR,2014,100
Morocco,MAR,2015,100
Morocco,MAR,2016,100
Morocco,MAR,2017,100
Mozambique,MOZ,1990,100
Mozambique,MOZ,1995,100
Mozambique,MOZ,2000,100
Mozambique,MOZ,2005,100
Mozambique,MOZ,2010,100
Mozambique,MOZ,2011,100
Mozambique,MOZ,2012,100
Mozambique,MOZ,2013,100
Mozambique,MOZ,2014,100
Mozambique,MOZ,2015,100
Mozambique,MOZ,2016,100
Mozambique,MOZ,2017,100
Myanmar,MMR,1990,100
Myanmar,MMR,1995,100
Myanmar,MMR,2000,100
Myanmar,MMR,2005,100
Myanmar,MMR,2010,100
Myanmar,MMR,2011,100
Myanmar,MMR,2012,100
Myanmar,MMR,2013,100
Myanmar,MMR,2014,100
Myanmar,MMR,2015,100
Myanmar,MMR,2016,100
Myanmar,MMR,2017,100
Namibia,NAM,1990,100
Namibia,NAM,1995,100
Namibia,NAM,2000,100
Namibia,NAM,2005,100
Namibia,NAM,2010,100
Namibia,NAM,2011,100
Namibia,NAM,2012,100
Namibia,NAM,2013,100
Namibia,NAM,2014,100
Namibia,NAM,2015,100
Namibia,NAM,2016,100
Namibia,NAM,2017,100
Nepal,NPL,1990,100
Nepal,NPL,1995,100
Nepal,NPL,2000,100
Nepal,NPL,2005,100
Nepal,NPL,2010,100
Nepal,NPL,2011,100
Nepal,NPL,2012,100
Nepal,NPL,2013,100
Nepal,NPL,2014,100
Nepal,NPL,2015,100
Nepal,NPL,2016,100
Nepal,NPL,2017,100
Netherlands,NLD,1990,99.9999999997722
Netherlands,NLD,1995,99.9999999997459
Netherlands,NLD,2000,100
Netherlands,NLD,2005,100
Netherlands,NLD,2010,100
Netherlands,NLD,2011,100
Netherlands,NLD,2012,99.9999999999627
Netherlands,NLD,2013,99.8704497249189
Netherlands,NLD,2014,99.8344140530631
Netherlands,NLD,2015,99.8116826887052
Netherlands,NLD,2016,99.5957983323731
Netherlands,NLD,2017,99.5981414813269
New Zealand,NZL,1990,8.86026635074038
New Zealand,NZL,1995,8.71065918925281
New Zealand,NZL,2000,10.7523263246477
New Zealand,NZL,2005,10.2826206003298
New Zealand,NZL,2010,9.81955068968898
New Zealand,NZL,2011,9.77603573456188
New Zealand,NZL,2012,4.47260643839101
New Zealand,NZL,2013,0.352390197342067
New Zealand,NZL,2014,0.350996257610459
New Zealand,NZL,2015,0.349574373935346
New Zealand,NZL,2016,0
New Zealand,NZL,2017,0
Nicaragua,NIC,1990,99.9971998631632
Nicaragua,NIC,1995,99.9970491109495
Nicaragua,NIC,2000,99.933976517443
Nicaragua,NIC,2005,99.9361038363508
Nicaragua,NIC,2010,99.9381004626293
Nicaragua,NIC,2011,99.9385321313053
Nicaragua,NIC,2012,99.9389752791207
Nicaragua,NIC,2013,99.9394325332548
Nicaragua,NIC,2014,99.9290854550325
Nicaragua,NIC,2015,99.9295179907473
Nicaragua,NIC,2016,99.9032289755351
Nicaragua,NIC,2017,99.9026951322358
Niger,NER,1990,100
Niger,NER,1995,100
Niger,NER,2000,100
Niger,NER,2005,100
Niger,NER,2010,100
Niger,NER,2011,100
Niger,NER,2012,100
Niger,NER,2013,100
Niger,NER,2014,100
Niger,NER,2015,100
Niger,NER,2016,100
Niger,NER,2017,100
Nigeria,NGA,1990,100
Nigeria,NGA,1995,100
Nigeria,NGA,2000,100
Nigeria,NGA,2005,100
Nigeria,NGA,2010,100
Nigeria,NGA,2011,100
Nigeria,NGA,2012,100
Nigeria,NGA,2013,100
Nigeria,NGA,2014,100
Nigeria,NGA,2015,100
Nigeria,NGA,2016,100
Nigeria,NGA,2017,100
North America,,1990,44.8356725608001
North America,,1995,41.5555411843123
North America,,2000,39.9486040982862
North America,,2005,41.8101429643368
North America,,2010,35.7941017515189
North America,,2011,43.9205767770035
North America,,2012,26.6481765966448
North America,,2013,19.4357158758257
North America,,2014,10.7754219988201
North America,,2015,7.70694800110292
North America,,2016,3.01664590294625
North America,,2017,3.02248098829239
North Korea,PRK,1990,100
North Korea,PRK,1995,100
North Korea,PRK,2000,100
North Korea,PRK,2005,100
North Korea,PRK,2010,100
North Korea,PRK,2011,100
North Korea,PRK,2012,100
North Korea,PRK,2013,100
North Korea,PRK,2014,100
North Korea,PRK,2015,100
North Korea,PRK,2016,100
North Korea,PRK,2017,100
North Macedonia,MKD,1990,100
North Macedonia,MKD,1995,100
North Macedonia,MKD,2000,100
North Macedonia,MKD,2005,100
North Macedonia,MKD,2010,100
North Macedonia,MKD,2011,100
North Macedonia,MKD,2012,100
North Macedonia,MKD,2013,100
North Macedonia,MKD,2014,100
North Macedonia,MKD,2015,100
North Macedonia,MKD,2016,100
North Macedonia,MKD,2017,100
Northern Mariana Islands,MNP,1990,100
Northern Mariana Islands,MNP,1995,100
Northern Mariana Islands,MNP,2000,100
Northern Mariana Islands,MNP,2005,100
Northern Mariana Islands,MNP,2010,100
Northern Mariana Islands,MNP,2011,100
Northern Mariana Islands,MNP,2012,100
Northern Mariana Islands,MNP,2013,100
Northern Mariana Islands,MNP,2014,30.7692307692308
Northern Mariana Islands,MNP,2015,34.6153846153846
Northern Mariana Islands,MNP,2016,26.9230769230769
Northern Mariana Islands,MNP,2017,26.9230769230769
Norway,NOR,1990,33.3115513442583
Norway,NOR,1995,29.6178428488896
Norway,NOR,2000,24.4749646154105
Norway,NOR,2005,10.1724014195595
Norway,NOR,2010,11.888745618966
Norway,NOR,2011,31.4114283247379
Norway,NOR,2012,2.89436539181942
Norway,NOR,2013,2.23618986571746
Norway,NOR,2014,2.24550939546259
Norway,NOR,2015,2.02465674369929
Norway,NOR,2016,2.03428827818451
Norway,NOR,2017,2.04383779996992
OECD members,,1990,80.5675606917177
OECD members,,1995,79.2510382210485
OECD members,,2000,78.3506856870898
OECD members,,2005,78.7018154072553
OECD members,,2010,76.7920444378333
OECD members,,2011,79.5394645776022
OECD members,,2012,73.1139326729713
OECD members,,2013,70.5625365528565
OECD members,,2014,66.1453337605855
OECD members,,2015,65.653314226694
OECD members,,2016,60.6733410001097
OECD members,,2017,60.7716076555527
Oman,OMN,1990,100
Oman,OMN,1995,100
Oman,OMN,2000,100
Oman,OMN,2005,100
Oman,OMN,2010,100
Oman,OMN,2011,100
Oman,OMN,2012,100
Oman,OMN,2013,100
Oman,OMN,2014,100
Oman,OMN,2015,100
Oman,OMN,2016,100
Oman,OMN,2017,100
Other small states,,1990,90.7270011000218
Other small states,,1995,90.3370810754543
Other small states,,2000,90.9520610292593
Other small states,,2005,91.7568925105983
Other small states,,2010,92.7301883079129
Other small states,,2011,92.8722283259714
Other small states,,2012,92.7286905389157
Other small states,,2013,92.7919112104265
Other small states,,2014,91.3748715727827
Other small states,,2015,91.4357647713804
Other small states,,2016,91.4966426900664
Other small states,,2017,91.5446799256044
Pacific island small states,,1990,99.9999999974523
Pacific island small states,,1995,99.9999999976625
Pacific island small states,,2000,100
Pacific island small states,,2005,100
Pacific island small states,,2010,100
Pacific island small states,,2011,100
Pacific island small states,,2012,100
Pacific island small states,,2013,99.9999999666779
Pacific island small states,,2014,99.9978247366172
Pacific island small states,,2015,99.9919864928871
Pacific island small states,,2016,97.6469857560052
Pacific island small states,,2017,93.6298461113376
Pakistan,PAK,1990,100
Pakistan,PAK,1995,100
Pakistan,PAK,2000,100
Pakistan,PAK,2005,100
Pakistan,PAK,2010,100
Pakistan,PAK,2011,100
Pakistan,PAK,2012,100
Pakistan,PAK,2013,100
Pakistan,PAK,2014,100
Pakistan,PAK,2015,100
Pakistan,PAK,2016,100
Pakistan,PAK,2017,100
Palestine,PSE,1990,100
Palestine,PSE,1995,100
Palestine,PSE,2000,100
Palestine,PSE,2005,100
Palestine,PSE,2010,100
Palestine,PSE,2011,100
Palestine,PSE,2012,100
Palestine,PSE,2013,100
Palestine,PSE,2014,100
Palestine,PSE,2015,100
Palestine,PSE,2016,100
Palestine,PSE,2017,100
Panama,PAN,1990,96.5035378181734
Panama,PAN,1995,96.4501215607065
Panama,PAN,2000,97.3089504701281
Panama,PAN,2005,96.9250338519938
Panama,PAN,2010,96.217829998677
Panama,PAN,2011,97.2288327540679
Panama,PAN,2012,96.6129744477533
Panama,PAN,2013,93.4757596723068
Panama,PAN,2014,90.5260805824733
Panama,PAN,2015,87.2894289287745
Panama,PAN,2016,72.1342665357812
Panama,PAN,2017,71.6367476557604
Papua New Guinea,PNG,1990,100
Papua New Guinea,PNG,1995,100
Papua New Guinea,PNG,2000,100
Papua New Guinea,PNG,2005,100
Papua New Guinea,PNG,2010,100
Papua New Guinea,PNG,2011,100
Papua New Guinea,PNG,2012,100
Papua New Guinea,PNG,2013,100
Papua New Guinea,PNG,2014,99.9999999999858
Papua New Guinea,PNG,2015,99.9999999999861
Papua New Guinea,PNG,2016,99.995489323367
Papua New Guinea,PNG,2017,99.9951657438565
Paraguay,PRY,1990,100
Paraguay,PRY,1995,100
Paraguay,PRY,2000,100
Paraguay,PRY,2005,100
Paraguay,PRY,2010,100
Paraguay,PRY,2011,100
Paraguay,PRY,2012,100
Paraguay,PRY,2013,100
Paraguay,PRY,2014,100
Paraguay,PRY,2015,100
Paraguay,PRY,2016,98.9351773847129
Paraguay,PRY,2017,99.0583082497181
Peru,PER,1990,99.9999999999853
Peru,PER,1995,99.9999999999866
Peru,PER,2000,100
Peru,PER,2005,100
Peru,PER,2010,100
Peru,PER,2011,100
Peru,PER,2012,100
Peru,PER,2013,99.9997658350261
Peru,PER,2014,99.9995266776693
Peru,PER,2015,99.9733888894223
Peru,PER,2016,99.9687020733907
Peru,PER,2017,99.9629262855861
Philippines,PHL,1990,99.9999999997558
Philippines,PHL,1995,99.9999999997825
Philippines,PHL,2000,99.9955680505529
Philippines,PHL,2005,99.9999999999861
Philippines,PHL,2010,99.9999999999859
Philippines,PHL,2011,99.9952411890707
Philippines,PHL,2012,99.9969334901863
Philippines,PHL,2013,99.7148013590572
Philippines,PHL,2014,99.0197530570836
Philippines,PHL,2015,99.4330928712387
Philippines,PHL,2016,96.8159756919104
Philippines,PHL,2017,96.3706587650922
Poland,POL,1990,99.9999999999606
Poland,POL,1995,99.9999999999267
Poland,POL,2000,100
Poland,POL,2005,99.9999999999948
Poland,POL,2010,100
Poland,POL,2011,100
Poland,POL,2012,99.9999999999948
Poland,POL,2013,99.9962164768805
Poland,POL,2014,99.9815664183042
Poland,POL,2015,99.9962149714443
Poland,POL,2016,99.9660913066726
Poland,POL,2017,99.9661157279646
Portugal,PRT,1990,54.4944958158784
Portugal,PRT,1995,48.8735664658035
Portugal,PRT,2000,49.8476795202231
Portugal,PRT,2005,58.4339069902972
Portugal,PRT,2010,53.0097361554458
Portugal,PRT,2011,57.4523839984944
Portugal,PRT,2012,30.8812922678512
Portugal,PRT,2013,30.8988629740008
Portugal,PRT,2014,25.1831978916168
Portugal,PRT,2015,27.458494054092
Portugal,PRT,2016,14.7184724365163
Portugal,PRT,2017,16.0083566266812
Post-demographic dividend,,1990,77.8536916842322
Post-demographic dividend,,1995,76.0666890559214
Post-demographic dividend,,2000,74.7164827104518
Post-demographic dividend,,2005,74.8484029003609
Post-demographic dividend,,2010,72.2859396782518
Post-demographic dividend,,2011,75.5214037416651
Post-demographic dividend,,2012,67.7816646546144
Post-demographic dividend,,2013,64.6442301942677
Post-demographic dividend,,2014,59.3765477583697
Post-demographic dividend,,2015,58.764267836305
Post-demographic dividend,,2016,52.7645231753325
Post-demographic dividend,,2017,52.7998427407019
Pre-demographic dividend,,1990,100
Pre-demographic dividend,,1995,100
Pre-demographic dividend,,2000,100
Pre-demographic dividend,,2005,100
Pre-demographic dividend,,2010,100
Pre-demographic dividend,,2011,100
Pre-demographic dividend,,2012,100
Pre-demographic dividend,,2013,100
Pre-demographic dividend,,2014,100
Pre-demographic dividend,,2015,100
Pre-demographic dividend,,2016,100
Pre-demographic dividend,,2017,100
Puerto Rico,PRI,1990,1.8348623853211
Puerto Rico,PRI,1995,1.8348623853211
Puerto Rico,PRI,2000,63.302752293578
Puerto Rico,PRI,2005,62.3853211009174
Puerto Rico,PRI,2010,62.3853211009174
Puerto Rico,PRI,2011,71.5596330275229
Puerto Rico,PRI,2012,45.8715596330275
Puerto Rico,PRI,2013,32.1100917431193
Puerto Rico,PRI,2014,15.5963302752294
Puerto Rico,PRI,2015,14.6788990825688
Puerto Rico,PRI,2016,3.6697247706422
Puerto Rico,PRI,2017,3.6697247706422
Qatar,QAT,1990,100
Qatar,QAT,1995,100
Qatar,QAT,2000,100
Qatar,QAT,2005,100
Qatar,QAT,2010,100
Qatar,QAT,2011,100
Qatar,QAT,2012,100
Qatar,QAT,2013,100
Qatar,QAT,2014,100
Qatar,QAT,2015,100
Qatar,QAT,2016,100
Qatar,QAT,2017,100
Romania,ROU,1990,100
Romania,ROU,1995,100
Romania,ROU,2000,100
Romania,ROU,2005,100
Romania,ROU,2010,100
Romania,ROU,2011,100
Romania,ROU,2012,99.5810082721765
Romania,ROU,2013,99.4074647223711
Romania,ROU,2014,98.5241348887509
Romania,ROU,2015,99.3790947507232
Romania,ROU,2016,97.9070690943822
Romania,ROU,2017,98.0174648814994
Russia,RUS,1990,96.5077237397438
Russia,RUS,1995,95.3107576253405
Russia,RUS,2000,95.8545554700393
Russia,RUS,2005,95.8159780871097
Russia,RUS,2010,96.2900289047848
Russia,RUS,2011,95.8222326516751
Russia,RUS,2012,95.3232607072576
Russia,RUS,2013,93.4509623369194
Russia,RUS,2014,93.3205911928879
Russia,RUS,2015,91.8274018970421
Russia,RUS,2016,91.7079917953348
Russia,RUS,2017,91.6093290043281
Rwanda,RWA,1990,100
Rwanda,RWA,1995,100
Rwanda,RWA,2000,100
Rwanda,RWA,2005,100
Rwanda,RWA,2010,100
Rwanda,RWA,2011,100
Rwanda,RWA,2012,100
Rwanda,RWA,2013,100
Rwanda,RWA,2014,100
Rwanda,RWA,2015,100
Rwanda,RWA,2016,100
Rwanda,RWA,2017,100
Saint Lucia,LCA,1990,100
Saint Lucia,LCA,1995,100
Saint Lucia,LCA,2000,100
Saint Lucia,LCA,2005,100
Saint Lucia,LCA,2010,100
Saint Lucia,LCA,2011,100
Saint Lucia,LCA,2012,100
Saint Lucia,LCA,2013,100
Saint Lucia,LCA,2014,100
Saint Lucia,LCA,2015,100
Saint Lucia,LCA,2016,100
Saint Lucia,LCA,2017,100
Saint Vincent and the Grenadines,VCT,1990,100
Saint Vincent and the Grenadines,VCT,1995,100
Saint Vincent and the Grenadines,VCT,2000,100
Saint Vincent and the Grenadines,VCT,2005,100
Saint Vincent and the Grenadines,VCT,2010,100
Saint Vincent and the Grenadines,VCT,2011,100
Saint Vincent and the Grenadines,VCT,2012,100
Saint Vincent and the Grenadines,VCT,2013,100
Saint Vincent and the Grenadines,VCT,2014,100
Saint Vincent and the Grenadines,VCT,2015,100
Saint Vincent and the Grenadines,VCT,2016,100
Saint Vincent and the Grenadines,VCT,2017,100
Samoa,WSM,1990,100
Samoa,WSM,1995,100
Samoa,WSM,2000,100
Samoa,WSM,2005,100
Samoa,WSM,2010,100
Samoa,WSM,2011,100
Samoa,WSM,2012,100
Samoa,WSM,2013,100
Samoa,WSM,2014,100
Samoa,WSM,2015,99.9999999994243
Samoa,WSM,2016,99.999999997713
Samoa,WSM,2017,99.9999999982957
Sao Tome and Principe,STP,1990,100
Sao Tome and Principe,STP,1995,100
Sao Tome and Principe,STP,2000,100
Sao Tome and Principe,STP,2005,100
Sao Tome and Principe,STP,2010,100
Sao Tome and Principe,STP,2011,100
Sao Tome and Principe,STP,2012,100
Sao Tome and Principe,STP,2013,100
Sao Tome and Principe,STP,2014,100
Sao Tome and Principe,STP,2015,100
Sao Tome and Principe,STP,2016,100
Sao Tome and Principe,STP,2017,100
Saudi Arabia,SAU,1990,100
Saudi Arabia,SAU,1995,100
Saudi Arabia,SAU,2000,100
Saudi Arabia,SAU,2005,100
Saudi Arabia,SAU,2010,100
Saudi Arabia,SAU,2011,100
Saudi Arabia,SAU,2012,100
Saudi Arabia,SAU,2013,100
Saudi Arabia,SAU,2014,100
Saudi Arabia,SAU,2015,100
Saudi Arabia,SAU,2016,100
Saudi Arabia,SAU,2017,100
Senegal,SEN,1990,100
Senegal,SEN,1995,100
Senegal,SEN,2000,100
Senegal,SEN,2005,100
Senegal,SEN,2010,100
Senegal,SEN,2011,100
Senegal,SEN,2012,100
Senegal,SEN,2013,100
Senegal,SEN,2014,100
Senegal,SEN,2015,100
Senegal,SEN,2016,100
Senegal,SEN,2017,100
Serbia,SRB,1990,100
Serbia,SRB,1995,100
Serbia,SRB,2000,100
Serbia,SRB,2005,100
Serbia,SRB,2010,100
Serbia,SRB,2011,100
Serbia,SRB,2012,100
Serbia,SRB,2013,100
Serbia,SRB,2014,100
Serbia,SRB,2015,100
Serbia,SRB,2016,100
Serbia,SRB,2017,100
Seychelles,SYC,1990,100
Seychelles,SYC,1995,100
Seychelles,SYC,2000,100
Seychelles,SYC,2005,100
Seychelles,SYC,2010,100
Seychelles,SYC,2011,100
Seychelles,SYC,2012,100
Seychelles,SYC,2013,100
Seychelles,SYC,2014,100
Seychelles,SYC,2015,100
Seychelles,SYC,2016,100
Seychelles,SYC,2017,100
Sierra Leone,SLE,1990,100
Sierra Leone,SLE,1995,100
Sierra Leone,SLE,2000,100
Sierra Leone,SLE,2005,100
Sierra Leone,SLE,2010,100
Sierra Leone,SLE,2011,100
Sierra Leone,SLE,2012,100
Sierra Leone,SLE,2013,100
Sierra Leone,SLE,2014,100
Sierra Leone,SLE,2015,100
Sierra Leone,SLE,2016,100
Sierra Leone,SLE,2017,100
Singapore,SGP,1990,100
Singapore,SGP,1995,100
Singapore,SGP,2000,100
Singapore,SGP,2005,100
Singapore,SGP,2010,100
Singapore,SGP,2011,100
Singapore,SGP,2012,100
Singapore,SGP,2013,100
Singapore,SGP,2014,100
Singapore,SGP,2015,100
Singapore,SGP,2016,100
Singapore,SGP,2017,100
Slovakia,SVK,1990,100
Slovakia,SVK,1995,100
Slovakia,SVK,2000,100
Slovakia,SVK,2005,100
Slovakia,SVK,2010,100
Slovakia,SVK,2011,100
Slovakia,SVK,2012,100
Slovakia,SVK,2013,100
Slovakia,SVK,2014,100
Slovakia,SVK,2015,100
Slovakia,SVK,2016,100
Slovakia,SVK,2017,100
Slovenia,SVN,1990,100
Slovenia,SVN,1995,100
Slovenia,SVN,2000,100
Slovenia,SVN,2005,100
Slovenia,SVN,2010,100
Slovenia,SVN,2011,100
Slovenia,SVN,2012,99.8362522126221
Slovenia,SVN,2013,99.8361029904907
Slovenia,SVN,2014,99.7933924534698
Slovenia,SVN,2015,99.7937147060447
Slovenia,SVN,2016,99.4741254084
Slovenia,SVN,2017,99.4910252834569
Small states,,1990,93.5529376153316
Small states,,1995,93.2006660006638
Small states,,2000,93.5453911423923
Small states,,2005,94.0322194128416
Small states,,2010,94.6139283810028
Small states,,2011,94.6996032563948
Small states,,2012,94.5746062941336
Small states,,2013,94.6049758259313
Small states,,2014,93.5247660103676
Small states,,2015,93.5507270737091
Small states,,2016,93.4365202336732
Small states,,2017,93.2138662893564
Solomon Islands,SLB,1990,100
Solomon Islands,SLB,1995,100
Solomon Islands,SLB,2000,100
Solomon Islands,SLB,2005,100
Solomon Islands,SLB,2010,100
Solomon Islands,SLB,2011,100
Solomon Islands,SLB,2012,100
Solomon Islands,SLB,2013,99.9999999997321
Solomon Islands,SLB,2014,99.9999999994761
Solomon Islands,SLB,2015,99.9999999997437
Solomon Islands,SLB,2016,99.9999999959868
Solomon Islands,SLB,2017,99.9175631944289
Somalia,SOM,1990,100
Somalia,SOM,1995,100
Somalia,SOM,2000,100
Somalia,SOM,2005,100
Somalia,SOM,2010,100
Somalia,SOM,2011,100
Somalia,SOM,2012,100
Somalia,SOM,2013,100
Somalia,SOM,2014,100
Somalia,SOM,2015,100
Somalia,SOM,2016,100
Somalia,SOM,2017,100
South Africa,ZAF,1990,100
South Africa,ZAF,1995,100
South Africa,ZAF,2000,100
South Africa,ZAF,2005,100
South Africa,ZAF,2010,100
South Africa,ZAF,2011,100
South Africa,ZAF,2012,100
South Africa,ZAF,2013,100
South Africa,ZAF,2014,100
South Africa,ZAF,2015,100
South Africa,ZAF,2016,100
South Africa,ZAF,2017,100
South Asia,,1990,99.999999999682
South Asia,,1995,99.999999999724
South Asia,,2000,99.9999999995662
South Asia,,2005,99.9999999996079
South Asia,,2010,99.9999999996567
South Asia,,2011,99.9999999996597
South Asia,,2012,99.999999999656
South Asia,,2013,99.9999999996308
South Asia,,2014,99.9748199851534
South Asia,,2015,99.9739962523363
South Asia,,2016,99.6028040349765
South Asia,,2017,99.3209183929315
South Asia (IDA & IBRD),,1990,99.999999999682
South Asia (IDA & IBRD),,1995,99.999999999724
South Asia (IDA & IBRD),,2000,99.9999999995662
South Asia (IDA & IBRD),,2005,99.9999999996079
South Asia (IDA & IBRD),,2010,99.9999999996567
South Asia (IDA & IBRD),,2011,99.9999999996597
South Asia (IDA & IBRD),,2012,99.999999999656
South Asia (IDA & IBRD),,2013,99.9999999996308
South Asia (IDA & IBRD),,2014,99.9748199851534
South Asia (IDA & IBRD),,2015,99.9739962523363
South Asia (IDA & IBRD),,2016,99.6028040349765
South Asia (IDA & IBRD),,2017,99.3209183929315
South Korea,KOR,1990,100
South Korea,KOR,1995,100
South Korea,KOR,2000,100
South Korea,KOR,2005,100
South Korea,KOR,2010,100
South Korea,KOR,2011,100
South Korea,KOR,2012,100
South Korea,KOR,2013,100
South Korea,KOR,2014,100
South Korea,KOR,2015,100
South Korea,KOR,2016,100
South Korea,KOR,2017,100
South Sudan,SSD,1990,100
South Sudan,SSD,1995,100
South Sudan,SSD,2000,100
South Sudan,SSD,2005,100
South Sudan,SSD,2010,100
South Sudan,SSD,2011,100
South Sudan,SSD,2012,100
South Sudan,SSD,2013,100
South Sudan,SSD,2014,100
South Sudan,SSD,2015,100
South Sudan,SSD,2016,100
South Sudan,SSD,2017,100
Spain,ESP,1990,77.5763867053122
Spain,ESP,1995,76.3521627114267
Spain,ESP,2000,75.0308004263397
Spain,ESP,2005,74.1582474024899
Spain,ESP,2010,72.1511076627807
Spain,ESP,2011,78.7273850045324
Spain,ESP,2012,68.4927048970665
Spain,ESP,2013,60.6831517972401
Spain,ESP,2014,47.7191476810775
Spain,ESP,2015,55.1527248746452
Spain,ESP,2016,40.7243850026145
Spain,ESP,2017,41.115549425172
Sri Lanka,LKA,1990,100
Sri Lanka,LKA,1995,100
Sri Lanka,LKA,2000,100
Sri Lanka,LKA,2005,100
Sri Lanka,LKA,2010,100
Sri Lanka,LKA,2011,100
Sri Lanka,LKA,2012,100
Sri Lanka,LKA,2013,100
Sri Lanka,LKA,2014,100
Sri Lanka,LKA,2015,100
Sri Lanka,LKA,2016,69.0629628398118
Sri Lanka,LKA,2017,45.5384172591341
Sub-Saharan Africa,,1990,100
Sub-Saharan Africa,,1995,100
Sub-Saharan Africa,,2000,100
Sub-Saharan Africa,,2005,100
Sub-Saharan Africa,,2010,100
Sub-Saharan Africa,,2011,100
Sub-Saharan Africa,,2012,100
Sub-Saharan Africa,,2013,100
Sub-Saharan Africa,,2014,100
Sub-Saharan Africa,,2015,100
Sub-Saharan Africa,,2016,100
Sub-Saharan Africa,,2017,100
Sub-Saharan Africa (IDA & IBRD),,1990,100
Sub-Saharan Africa (IDA & IBRD),,1995,100
Sub-Saharan Africa (IDA & IBRD),,2000,100
Sub-Saharan Africa (IDA & IBRD),,2005,100
Sub-Saharan Africa (IDA & IBRD),,2010,100
Sub-Saharan Africa (IDA & IBRD),,2011,100
Sub-Saharan Africa (IDA & IBRD),,2012,100
Sub-Saharan Africa (IDA & IBRD),,2013,100
Sub-Saharan Africa (IDA & IBRD),,2014,100
Sub-Saharan Africa (IDA & IBRD),,2015,100
Sub-Saharan Africa (IDA & IBRD),,2016,100
Sub-Saharan Africa (IDA & IBRD),,2017,100
Sub-Saharan Africa (excluding high income),,1990,100
Sub-Saharan Africa (excluding high income),,1995,100
Sub-Saharan Africa (excluding high income),,2000,100
Sub-Saharan Africa (excluding high income),,2005,100
Sub-Saharan Africa (excluding high income),,2010,100
Sub-Saharan Africa (excluding high income),,2011,100
Sub-Saharan Africa (excluding high income),,2012,100
Sub-Saharan Africa (excluding high income),,2013,100
Sub-Saharan Africa (excluding high income),,2014,100
Sub-Saharan Africa (excluding high income),,2015,100
Sub-Saharan Africa (excluding high income),,2016,100
Sub-Saharan Africa (excluding high income),,2017,100
Sudan,SDN,1990,100
Sudan,SDN,1995,100
Sudan,SDN,2000,100
Sudan,SDN,2005,100
Sudan,SDN,2010,100
Sudan,SDN,2011,100
Sudan,SDN,2012,100
Sudan,SDN,2013,100
Sudan,SDN,2014,100
Sudan,SDN,2015,100
Sudan,SDN,2016,100
Sudan,SDN,2017,100
Suriname,SUR,1990,100
Suriname,SUR,1995,100
Suriname,SUR,2000,100
Suriname,SUR,2005,100
Suriname,SUR,2010,100
Suriname,SUR,2011,100
Suriname,SUR,2012,100
Suriname,SUR,2013,100
Suriname,SUR,2014,100
Suriname,SUR,2015,100
Suriname,SUR,2016,100
Suriname,SUR,2017,100
Sweden,SWE,1990,7.23544129241804
Sweden,SWE,1995,5.37048657601554
Sweden,SWE,2000,4.98598981294508
Sweden,SWE,2005,3.99581018561098
Sweden,SWE,2010,4.32618337118563
Sweden,SWE,2011,5.8845442967924
Sweden,SWE,2012,3.59530858494528
Sweden,SWE,2013,3.47508180805878
Sweden,SWE,2014,3.67645214477458
Sweden,SWE,2015,3.55514624121341
Sweden,SWE,2016,3.59570267696731
Sweden,SWE,2017,3.63648738190616
Switzerland,CHE,1990,96.4286654928097
Switzerland,CHE,1995,95.1002489908761
Switzerland,CHE,2000,92.7305802837176
Switzerland,CHE,2005,93.5750613398087
Switzerland,CHE,2010,93.0007045460388
Switzerland,CHE,2011,94.7852350840776
Switzerland,CHE,2012,91.8209143581515
Switzerland,CHE,2013,86.9104974533489
Switzerland,CHE,2014,78.499186393826
Switzerland,CHE,2015,72.3111073443463
Switzerland,CHE,2016,49.3394536369063
Switzerland,CHE,2017,49.3001362303515
Syria,SYR,1990,100
Syria,SYR,1995,100
Syria,SYR,2000,100
Syria,SYR,2005,100
Syria,SYR,2010,100
Syria,SYR,2011,100
Syria,SYR,2012,100
Syria,SYR,2013,100
Syria,SYR,2014,100
Syria,SYR,2015,100
Syria,SYR,2016,100
Syria,SYR,2017,100
Tajikistan,TJK,1990,100
Tajikistan,TJK,1995,100
Tajikistan,TJK,2000,100
Tajikistan,TJK,2005,100
Tajikistan,TJK,2010,100
Tajikistan,TJK,2011,100
Tajikistan,TJK,2012,100
Tajikistan,TJK,2013,100
Tajikistan,TJK,2014,100
Tajikistan,TJK,2015,100
Tajikistan,TJK,2016,100
Tajikistan,TJK,2017,100
Tanzania,TZA,1990,100
Tanzania,TZA,1995,100
Tanzania,TZA,2000,100
Tanzania,TZA,2005,100
Tanzania,TZA,2010,100
Tanzania,TZA,2011,100
Tanzania,TZA,2012,100
Tanzania,TZA,2013,100
Tanzania,TZA,2014,100
Tanzania,TZA,2015,100
Tanzania,TZA,2016,100
Tanzania,TZA,2017,100
Thailand,THA,1990,99.9999999999981
Thailand,THA,1995,99.9999999999983
Thailand,THA,2000,100
Thailand,THA,2005,100
Thailand,THA,2010,100
Thailand,THA,2011,100
Thailand,THA,2012,100
Thailand,THA,2013,100
Thailand,THA,2014,100
Thailand,THA,2015,100
Thailand,THA,2016,100
Thailand,THA,2017,100
Timor,TLS,1990,100
Timor,TLS,1995,100
Timor,TLS,2000,100
Timor,TLS,2005,100
Timor,TLS,2010,100
Timor,TLS,2011,100
Timor,TLS,2012,100
Timor,TLS,2013,100
Timor,TLS,2014,100
Timor,TLS,2015,100
Timor,TLS,2016,100
Timor,TLS,2017,100
Togo,TGO,1990,100
Togo,TGO,1995,100
Togo,TGO,2000,100
Togo,TGO,2005,100
Togo,TGO,2010,100
Togo,TGO,2011,100
Togo,TGO,2012,100
Togo,TGO,2013,100
Togo,TGO,2014,100
Togo,TGO,2015,100
Togo,TGO,2016,100
Togo,TGO,2017,100
Tonga,TON,1990,99.9999999889076
Tonga,TON,1995,99.9999999891375
Tonga,TON,2000,100
Tonga,TON,2005,100
Tonga,TON,2010,100
Tonga,TON,2011,100
Tonga,TON,2012,100
Tonga,TON,2013,100
Tonga,TON,2014,100
Tonga,TON,2015,100
Tonga,TON,2016,99.8064169673664
Tonga,TON,2017,99.8125919313455
Trinidad and Tobago,TTO,1990,100
Trinidad and Tobago,TTO,1995,100
Trinidad and Tobago,TTO,2000,100
Trinidad and Tobago,TTO,2005,100
Trinidad and Tobago,TTO,2010,100
Trinidad and Tobago,TTO,2011,100
Trinidad and Tobago,TTO,2012,100
Trinidad and Tobago,TTO,2013,100
Trinidad and Tobago,TTO,2014,100
Trinidad and Tobago,TTO,2015,100
Trinidad and Tobago,TTO,2016,100
Trinidad and Tobago,TTO,2017,100
Tunisia,TUN,1990,100
Tunisia,TUN,1995,100
Tunisia,TUN,2000,100
Tunisia,TUN,2005,100
Tunisia,TUN,2010,100
Tunisia,TUN,2011,100
Tunisia,TUN,2012,100
Tunisia,TUN,2013,100
Tunisia,TUN,2014,100
Tunisia,TUN,2015,100
Tunisia,TUN,2016,100
Tunisia,TUN,2017,100
Turkey,TUR,1990,100
Turkey,TUR,1995,100
Turkey,TUR,2000,100
Turkey,TUR,2005,100
Turkey,TUR,2010,100
Turkey,TUR,2011,100
Turkey,TUR,2012,100
Turkey,TUR,2013,100
Turkey,TUR,2014,100
Turkey,TUR,2015,100
Turkey,TUR,2016,100
Turkey,TUR,2017,100
Turkmenistan,TKM,1990,100
Turkmenistan,TKM,1995,100
Turkmenistan,TKM,2000,100
Turkmenistan,TKM,2005,100
Turkmenistan,TKM,2010,100
Turkmenistan,TKM,2011,100
Turkmenistan,TKM,2012,100
Turkmenistan,TKM,2013,100
Turkmenistan,TKM,2014,100
Turkmenistan,TKM,2015,100
Turkmenistan,TKM,2016,100
Turkmenistan,TKM,2017,100
Uganda,UGA,1990,100
Uganda,UGA,1995,100
Uganda,UGA,2000,100
Uganda,UGA,2005,100
Uganda,UGA,2010,100
Uganda,UGA,2011,100
Uganda,UGA,2012,100
Uganda,UGA,2013,100
Uganda,UGA,2014,100
Uganda,UGA,2015,100
Uganda,UGA,2016,100
Uganda,UGA,2017,100
Ukraine,UKR,1990,100
Ukraine,UKR,1995,100
Ukraine,UKR,2000,100
Ukraine,UKR,2005,100
Ukraine,UKR,2010,100
Ukraine,UKR,2011,100
Ukraine,UKR,2012,100
Ukraine,UKR,2013,100
Ukraine,UKR,2014,100
Ukraine,UKR,2015,100
Ukraine,UKR,2016,100
Ukraine,UKR,2017,100
United Arab Emirates,ARE,1990,100
United Arab Emirates,ARE,1995,100
United Arab Emirates,ARE,2000,100
United Arab Emirates,ARE,2005,100
United Arab Emirates,ARE,2010,100
United Arab Emirates,ARE,2011,100
United Arab Emirates,ARE,2012,100
United Arab Emirates,ARE,2013,100
United Arab Emirates,ARE,2014,100
United Arab Emirates,ARE,2015,100
United Arab Emirates,ARE,2016,100
United Arab Emirates,ARE,2017,100
United Kingdom,GBR,1990,91.1390847523653
United Kingdom,GBR,1995,89.5804588905897
United Kingdom,GBR,2000,88.2474263818387
United Kingdom,GBR,2005,88.6541863617548
United Kingdom,GBR,2010,87.5024347222583
United Kingdom,GBR,2011,90.3821512983428
United Kingdom,GBR,2012,84.7873426670964
United Kingdom,GBR,2013,82.4165941402516
United Kingdom,GBR,2014,72.0666771997428
United Kingdom,GBR,2015,71.9634942035637
United Kingdom,GBR,2016,67.1006731271173
United Kingdom,GBR,2017,66.5332490328298
United States,USA,1990,47.9977370375362
United States,USA,1995,44.694453712147
United States,USA,2000,43.0813450802919
United States,USA,2005,44.220561764174
United States,USA,2010,38.2130323583238
United States,USA,2011,46.6861985255353
United States,USA,2012,28.6580810105166
United States,USA,2013,20.8405573376878
United States,USA,2014,11.7312972136243
United States,USA,2015,8.46530650743068
United States,USA,2016,3.33443559203764
United States,USA,2017,3.34317037021352
United States Virgin Islands,VIR,1990,50
United States Virgin Islands,VIR,1995,50
United States Virgin Islands,VIR,2000,100
United States Virgin Islands,VIR,2005,100
United States Virgin Islands,VIR,2010,100
United States Virgin Islands,VIR,2011,100
United States Virgin Islands,VIR,2012,100
United States Virgin Islands,VIR,2013,100
United States Virgin Islands,VIR,2014,50
United States Virgin Islands,VIR,2015,50
United States Virgin Islands,VIR,2016,40
United States Virgin Islands,VIR,2017,40
Upper middle income,,1990,98.8142581121787
Upper middle income,,1995,98.7594058245876
Upper middle income,,2000,98.8941143530603
Upper middle income,,2005,98.8305623488889
Upper middle income,,2010,98.9409540431437
Upper middle income,,2011,99.0055950323173
Upper middle income,,2012,98.5371458941982
Upper middle income,,2013,98.223598963754
Upper middle income,,2014,97.3825609250607
Upper middle income,,2015,97.1041182205372
Upper middle income,,2016,96.2386382125146
Upper middle income,,2017,96.2249344827896
Uruguay,URY,1990,83.4055575466791
Uruguay,URY,1995,84.3654661729512
Uruguay,URY,2000,89.8168301152672
Uruguay,URY,2005,77.4844165887647
Uruguay,URY,2010,85.458456172196
Uruguay,URY,2011,93.2619073538502
Uruguay,URY,2012,60.5084303300629
Uruguay,URY,2013,55.3899443443635
Uruguay,URY,2014,28.7357806063166
Uruguay,URY,2015,26.4441570195712
Uruguay,URY,2016,22.3952430687433
Uruguay,URY,2017,22.3857446597034
Uzbekistan,UZB,1990,100
Uzbekistan,UZB,1995,100
Uzbekistan,UZB,2000,100
Uzbekistan,UZB,2005,100
Uzbekistan,UZB,2010,100
Uzbekistan,UZB,2011,100
Uzbekistan,UZB,2012,100
Uzbekistan,UZB,2013,100
Uzbekistan,UZB,2014,100
Uzbekistan,UZB,2015,100
Uzbekistan,UZB,2016,100
Uzbekistan,UZB,2017,100
Vanuatu,VUT,1990,100
Vanuatu,VUT,1995,100
Vanuatu,VUT,2000,100
Vanuatu,VUT,2005,100
Vanuatu,VUT,2010,100
Vanuatu,VUT,2011,100
Vanuatu,VUT,2012,100
Vanuatu,VUT,2013,100
Vanuatu,VUT,2014,99.9999999978196
Vanuatu,VUT,2015,99.9999999989334
Vanuatu,VUT,2016,99.9999999885188
Vanuatu,VUT,2017,99.9999999872286
Venezuela,VEN,1990,99.9999999992374
Venezuela,VEN,1995,99.99999999931
Venezuela,VEN,2000,99.9999999999752
Venezuela,VEN,2005,99.9999999999773
Venezuela,VEN,2010,99.9999999999791
Venezuela,VEN,2011,99.9999999999793
Venezuela,VEN,2012,99.9999999999763
Venezuela,VEN,2013,99.9999134541389
Venezuela,VEN,2014,99.9977498211784
Venezuela,VEN,2015,99.9950831613335
Venezuela,VEN,2016,99.9330785885339
Venezuela,VEN,2017,99.9336624316864
Vietnam,VNM,1990,100
Vietnam,VNM,1995,100
Vietnam,VNM,2000,100
Vietnam,VNM,2005,100
Vietnam,VNM,2010,100
Vietnam,VNM,2011,100
Vietnam,VNM,2012,100
Vietnam,VNM,2013,100
Vietnam,VNM,2014,100
Vietnam,VNM,2015,100
Vietnam,VNM,2016,100
Vietnam,VNM,2017,100
World,OWID_WRL,1990,95.317668209901
World,OWID_WRL,1995,95.1758239006165
World,OWID_WRL,2000,95.2134150391623
World,OWID_WRL,2005,95.4379833303445
World,OWID_WRL,2010,95.1447422430352
World,OWID_WRL,2011,95.7732896060994
World,OWID_WRL,2012,94.4736885639933
World,OWID_WRL,2013,93.7329073833665
World,OWID_WRL,2014,92.6661953106377
World,OWID_WRL,2015,92.5930955577774
World,OWID_WRL,2016,91.314667996223
World,OWID_WRL,2017,91.2977198100105
Yemen,YEM,1990,100
Yemen,YEM,1995,100
Yemen,YEM,2000,100
Yemen,YEM,2005,100
Yemen,YEM,2010,100
Yemen,YEM,2011,100
Yemen,YEM,2012,100
Yemen,YEM,2013,100
Yemen,YEM,2014,100
Yemen,YEM,2015,100
Yemen,YEM,2016,100
Yemen,YEM,2017,100
Zambia,ZMB,1990,100
Zambia,ZMB,1995,100
Zambia,ZMB,2000,100
Zambia,ZMB,2005,100
Zambia,ZMB,2010,100
Zambia,ZMB,2011,100
Zambia,ZMB,2012,100
Zambia,ZMB,2013,100
Zambia,ZMB,2014,100
Zambia,ZMB,2015,100
Zambia,ZMB,2016,100
Zambia,ZMB,2017,100
Zimbabwe,ZWE,1990,100
Zimbabwe,ZWE,1995,100
Zimbabwe,ZWE,2000,100
Zimbabwe,ZWE,2005,100
Zimbabwe,ZWE,2010,100
Zimbabwe,ZWE,2011,100
Zimbabwe,ZWE,2012,100
Zimbabwe,ZWE,2013,100
Zimbabwe,ZWE,2014,100
Zimbabwe,ZWE,2015,100
Zimbabwe,ZWE,2016,100
Zimbabwe,ZWE,2017,100